Account Name,DUAL-INCOME HOUSEHOLD WITH A CHILD
Account Number,______4898

Txn Date,Value Date,Description,Ref No./Cheque No.,Debit,Credit,Balance
01 Sep 2024,01 Sep 2024,NEFT CR-ICIC0000456-NORTHSTAR ANALYTICS LLP-SALARY SEP24,,,311057.44,697057.44
02 Sep 2024,02 Sep 2024,UPI/216310599954/NOBROKER PAY RENT LANDLORD/HDFC,,52000.00,,645057.44
03 Sep 2024,03 Sep 2024,UPI/113785102719/WOW MOMO FOODS/AXIS,,403.94,,644653.50
04 Sep 2024,04 Sep 2024,ACH DR LITTLE SCHOLARS DAYCARE MONTHLY FEE,,18500.00,,626153.50
04 Sep 2024,04 Sep 2024,POS 4763XXXXXXXX4216 THIRD WAVE COFFEE,,301.37,,625852.13
05 Sep 2024,05 Sep 2024,ACH DR HDFC BANK HOME LOAN EMI SEP24,,38000.00,,587852.13
05 Sep 2024,05 Sep 2024,UPI/280445604021/UBER INDIA SYSTEMS/HDFC,,245.87,,587606.26
05 Sep 2024,05 Sep 2024,UPI/AUTOPAY/AIRTEL BROADBAND BILL/AIRT,,1199.00,,586407.26
06 Sep 2024,06 Sep 2024,POS 5318XXXXXXXX3975 MCDONALDS INDIA PVT,,657.97,,585749.29
06 Sep 2024,06 Sep 2024,UPI/881594784047/ZERODHA BROKING MF SIP/ZERO,,35000.00,,550749.29
07 Sep 2024,07 Sep 2024,ACH DR NETFLIX ENTERTAINMENT SVC,,649.00,,550100.29
07 Sep 2024,07 Sep 2024,UPI/123854536753/RAPIDO BIKE TAXI/YESB,,283.29,,549817.00
07 Sep 2024,07 Sep 2024,UPI/866586259508/BOOKMYSHOW TICKETS/HDFC,,1232.53,,548584.47
08 Sep 2024,08 Sep 2024,POS 4767XXXXXXXX4167 HPCL PETROL PUMP,,2325.93,,546258.54
08 Sep 2024,08 Sep 2024,UPI/204814899034/BARBEQUE NATION HOSP/HDFC,,3929.24,,542329.30
08 Sep 2024,08 Sep 2024,UPI/221790562881/COUNTRY DELIGHT MILK/AXIS,,1143.13,,541186.17
08 Sep 2024,08 Sep 2024,UPI/AUTOPAY/BESCOM ELECTRICITY BILL/BESC,,4312.50,,536873.67
09 Sep 2024,09 Sep 2024,ACH DR HDFC ERGO HEALTH INSURANCE PREM,,2450.00,,534423.67
09 Sep 2024,09 Sep 2024,POS 5317XXXXXXXX2242 CHAAYOS TEA CAFE,,368.38,,534055.29
09 Sep 2024,09 Sep 2024,UPI/149840912367/RAPIDO BIKE TAXI/YESB,,206.78,,533848.51
11 Sep 2024,11 Sep 2024,ACH DR SPOTIFY INDIA PREMIUM,,185.00,,533663.51
11 Sep 2024,11 Sep 2024,UPI/348243489729/ZOMATO ONLINE ORDER/YESB,,1006.15,,532657.36
11 Sep 2024,11 Sep 2024,UPI/942796655193/RAPIDO BIKE TAXI/YESB,,222.17,,532435.19
12 Sep 2024,12 Sep 2024,UPI/388543821985/MAHANAGAR GAS BILL PAY/MGAS,,792.36,,531642.83
13 Sep 2024,13 Sep 2024,ATW-4610XXXXXXXX7078-HDFC BANK ATM CASH WITHDRAWAL,,10000.00,,521642.83
13 Sep 2024,13 Sep 2024,POS 4705XXXXXXXX1739 CHAAYOS TEA CAFE,,355.09,,521287.74
14 Sep 2024,14 Sep 2024,UPI/979933083287/WOW MOMO FOODS/AXIS,,538.70,,520749.04
14 Sep 2024,14 Sep 2024,UPI/AUTOPAY/JIO POSTPAID BILL/RJIO,,599.00,,520150.04
15 Sep 2024,15 Sep 2024,UPI/459479221847/ZEPTO NOW/YESB,,867.20,,519282.84
16 Sep 2024,16 Sep 2024,ACH DR ADOBE CREATIVE CLOUD,,2019.00,,517263.84
17 Sep 2024,17 Sep 2024,POS 4010XXXXXXXX2573 MYNTRA DESIGNS PVT LTD,,4933.93,,512329.91
18 Sep 2024,18 Sep 2024,UPI/258188253652/APOLLO PHARMACY/HDFC,,2388.98,,509940.93
18 Sep 2024,18 Sep 2024,UPI/924487847969/BEHROUZ BIRYANI/PAYTM,,903.95,,509036.98
19 Sep 2024,19 Sep 2024,ACH DR GOOGLE ONE STORAGE,,210.00,,508826.98
19 Sep 2024,19 Sep 2024,POS 4353XXXXXXXX4410 DECATHLON SPORTS INDIA,,5856.10,,502970.88
21 Sep 2024,21 Sep 2024,POS 4225XXXXXXXX8613 AMAZON SELLER SERVICES,,3426.09,,499544.79
21 Sep 2024,21 Sep 2024,UPI/974558309726/COUNTRY DELIGHT MILK/AXIS,,832.03,,498712.76
22 Sep 2024,22 Sep 2024,UPI/477879744354/PAYTM FASTAG RECHARGE/PYTM,,1241.32,,497471.44
23 Sep 2024,23 Sep 2024,UPI/234731047149/PAYTM FASTAG RECHARGE/PYTM,,938.42,,496533.02
23 Sep 2024,23 Sep 2024,UPI/749406852514/CRED CLUB CREDIT CARD BILL/AXIS,,10458.60,,486074.42
23 Sep 2024,23 Sep 2024,UPI/871010441915/BIGBASKET SUPERMKT/ICIC,,1942.72,,484131.70
24 Sep 2024,24 Sep 2024,UPI/232423751153/LICIOUS MEAT DELIVERY/HDFC,,1739.82,,482391.88
25 Sep 2024,25 Sep 2024,UPI/381314034113/SWIGGY FOOD ORDER/HDFC,,665.44,,481726.44
26 Sep 2024,26 Sep 2024,UPI/605257111127/SWIGGY FOOD ORDER/HDFC,,473.01,,481253.43
26 Sep 2024,26 Sep 2024,UPI/836991648302/COUNTRY DELIGHT MILK/AXIS,,946.19,,480307.24
27 Sep 2024,27 Sep 2024,IMPS DR-173052813-SELF TRANSFER TO SAVINGS AC,,51206.69,,429100.55
28 Sep 2024,28 Sep 2024,POS 4145XXXXXXXX4679 PRACTO CONSULT,,1198.73,,427901.82
28 Sep 2024,28 Sep 2024,POS 4723XXXXXXXX1020 CHAAYOS TEA CAFE,,349.37,,427552.45
29 Sep 2024,29 Sep 2024,UPI/266285278942/BARBEQUE NATION HOSP/HDFC,,5552.96,,421999.49
30 Sep 2024,30 Sep 2024,POS 4413XXXXXXXX3440 MCDONALDS INDIA PVT,,584.41,,421415.08
30 Sep 2024,30 Sep 2024,POS 4538XXXXXXXX3455 HPCL PETROL PUMP,,3599.03,,417816.05
01 Oct 2024,01 Oct 2024,NEFT CR-ICIC0000456-NORTHSTAR ANALYTICS LLP-SALARY OCT24,,,310379.79,728195.84
02 Oct 2024,02 Oct 2024,UPI/441412080915/NOBROKER PAY RENT LANDLORD/HDFC,,52000.00,,676195.84
02 Oct 2024,02 Oct 2024,UPI/578774269541/FLIPKART INTERNET/HDFC,,11803.75,,664392.09
03 Oct 2024,03 Oct 2024,UPI/107786802897/DOMINOS PIZZA IND/ICIC,,580.11,,663811.98
04 Oct 2024,04 Oct 2024,ACH DR LITTLE SCHOLARS DAYCARE MONTHLY FEE,,18500.00,,645311.98
04 Oct 2024,04 Oct 2024,UPI/669373636020/BIGBASKET SUPERMKT/ICIC,,3738.07,,641573.91
05 Oct 2024,05 Oct 2024,ACH DR HDFC BANK HOME LOAN EMI OCT24,,38000.00,,603573.91
05 Oct 2024,05 Oct 2024,UPI/230365574473/SWIGGY FOOD ORDER/HDFC,,825.64,,602748.27
05 Oct 2024,05 Oct 2024,UPI/469842730488/COUNTRY DELIGHT MILK/AXIS,,1027.39,,601720.88
05 Oct 2024,05 Oct 2024,UPI/AUTOPAY/AIRTEL BROADBAND BILL/AIRT,,1395.00,,600325.88
06 Oct 2024,06 Oct 2024,POS 5583XXXXXXXX3071 PVR CINEMAS LTD,,1404.85,,598921.03
06 Oct 2024,06 Oct 2024,UPI/416353464130/ZERODHA BROKING MF SIP/ZERO,,35000.00,,563921.03
06 Oct 2024,06 Oct 2024,UPI/940353723673/FLIPKART INTERNET/HDFC,,10791.93,,553129.10
07 Oct 2024,07 Oct 2024,ACH DR NETFLIX ENTERTAINMENT SVC,,649.00,,552480.10
08 Oct 2024,08 Oct 2024,POS 4489XXXXXXXX8811 DECATHLON SPORTS INDIA,,9380.06,,543100.04
08 Oct 2024,08 Oct 2024,UPI/AUTOPAY/BESCOM ELECTRICITY BILL/BESC,,3310.66,,539789.38
09 Oct 2024,09 Oct 2024,ACH DR HDFC ERGO HEALTH INSURANCE PREM,,2450.00,,537339.38
09 Oct 2024,09 Oct 2024,UPI/909845953994/LICIOUS MEAT DELIVERY/HDFC,,1035.84,,536303.54
10 Oct 2024,10 Oct 2024,NEFT DR-GREENWOOD HIGH SCHOOL-TERM FEE,,46000.00,,490303.54
10 Oct 2024,10 Oct 2024,UPI/158197109413/BARBEQUE NATION HOSP/HDFC,,4218.20,,486085.34
10 Oct 2024,10 Oct 2024,UPI/538386525122/UBER INDIA SYSTEMS/HDFC,,242.79,,485842.55
11 Oct 2024,11 Oct 2024,ACH DR SPOTIFY INDIA PREMIUM,,185.00,,485657.55
12 Oct 2024,12 Oct 2024,UPI/251667280800/MAHANAGAR GAS BILL PAY/MGAS,,1042.16,,484615.39
12 Oct 2024,12 Oct 2024,UPI/582097236397/BARBEQUE NATION HOSP/HDFC,,5806.08,,478809.31
13 Oct 2024,13 Oct 2024,ATW-4588XXXXXXXX9808-HDFC BANK ATM CASH WITHDRAWAL,,3000.00,,475809.31
13 Oct 2024,13 Oct 2024,UPI/763660432196/DOMINOS PIZZA IND/ICIC,,804.68,,475004.63
14 Oct 2024,14 Oct 2024,POS 4001XXXXXXXX3377 CHAAYOS TEA CAFE,,489.07,,474515.56
14 Oct 2024,14 Oct 2024,UPI/AUTOPAY/JIO POSTPAID BILL/RJIO,,599.00,,473916.56
15 Oct 2024,15 Oct 2024,POS 5482XXXXXXXX1560 MCDONALDS INDIA PVT,,568.35,,473348.21
15 Oct 2024,15 Oct 2024,UPI/773533633964/COUNTRY DELIGHT MILK/AXIS,,944.44,,472403.77
16 Oct 2024,16 Oct 2024,ACH DR ADOBE CREATIVE CLOUD,,2019.00,,470384.77
17 Oct 2024,17 Oct 2024,UPI/770997561680/BLINKIT GROCERY/HDFC,,661.93,,469722.84
18 Oct 2024,18 Oct 2024,POS 4639XXXXXXXX1913 IRCTC RAIL TICKET BOOKING,,1865.48,,467857.36
18 Oct 2024,18 Oct 2024,POS 4935XXXXXXXX7986 MYNTRA DESIGNS PVT LTD,,3853.52,,464003.84
18 Oct 2024,18 Oct 2024,SMS ALERT CHARGES INCL GST,,17.70,,463986.14
19 Oct 2024,19 Oct 2024,ACH DR GOOGLE ONE STORAGE,,210.00,,463776.14
19 Oct 2024,19 Oct 2024,POS 4257XXXXXXXX7447 DECATHLON SPORTS INDIA,,10115.97,,453660.17
19 Oct 2024,19 Oct 2024,UPI/407077552394/LICIOUS MEAT DELIVERY/HDFC,,2022.87,,451637.30
19 Oct 2024,19 Oct 2024,UPI/700258970721/BARBEQUE NATION HOSP/HDFC,,4590.55,,447046.75
20 Oct 2024,20 Oct 2024,POS 5220XXXXXXXX1331 THIRD WAVE COFFEE,,575.81,,446470.94
20 Oct 2024,20 Oct 2024,UPI/410828564458/CRED CLUB CREDIT CARD BILL/AXIS,,8863.12,,437607.82
22 Oct 2024,22 Oct 2024,ATM CASH WDL CHARGE EXCEEDING FREE LIMIT INCL GST,,25.96,,437581.86
22 Oct 2024,22 Oct 2024,POS 4120XXXXXXXX1081 THIRD WAVE COFFEE,,513.73,,437068.13
22 Oct 2024,22 Oct 2024,POS 4396XXXXXXXX4894 TANISHQ JEWELLERY DIWALI,,47909.65,,389158.48
23 Oct 2024,23 Oct 2024,UPI/102881988412/BARBEQUE NATION HOSP/HDFC,,1993.27,,387165.21
23 Oct 2024,23 Oct 2024,UPI/243807276614/LICIOUS MEAT DELIVERY/HDFC,,2178.20,,384987.01
23 Oct 2024,23 Oct 2024,UPI/318011728624/OLA CABS ANI TECH/PAYTM,,731.60,,384255.41
24 Oct 2024,24 Oct 2024,UPI/446042212549/RAPIDO BIKE TAXI/YESB,,165.61,,384089.80
24 Oct 2024,24 Oct 2024,UPI/545855106938/BARBEQUE NATION HOSP/HDFC,,2920.87,,381168.93
25 Oct 2024,25 Oct 2024,ATW-5241XXXXXXXX2603-HDFC BANK ATM CASH WITHDRAWAL,,5000.00,,376168.93
26 Oct 2024,26 Oct 2024,IMPS DR-941074530-SELF TRANSFER TO SAVINGS AC,,56696.90,,319472.03
26 Oct 2024,26 Oct 2024,UPI/744556353060/NYKAA ECOMM/ICIC,,1306.26,,318165.77
26 Oct 2024,26 Oct 2024,UPI/973760006162/ZOMATO ONLINE ORDER/YESB,,1005.03,,317160.74
27 Oct 2024,27 Oct 2024,POS 4553XXXXXXXX8387 STEAM GAMES VALVE CORP,,2054.34,,315106.40
28 Oct 2024,28 Oct 2024,UPI/337945209469/WOW MOMO FOODS/AXIS,,388.04,,314718.36
31 Oct 2024,31 Oct 2024,POS 4469XXXXXXXX7076 STARBUCKS COFFEE INDIA,,731.36,,313987.00
31 Oct 2024,31 Oct 2024,UPI/374896136674/URBAN COMPANY SALON/HDFC,,916.38,,313070.62
01 Nov 2024,01 Nov 2024,NEFT CR-ICIC0000456-NORTHSTAR ANALYTICS LLP-SALARY NOV24,,,308600.84,621671.46
02 Nov 2024,02 Nov 2024,UPI/482252027286/NOBROKER PAY RENT LANDLORD/HDFC,,52000.00,,569671.46
03 Nov 2024,03 Nov 2024,UPI/349136935497/BOOKMYSHOW TICKETS/HDFC,,1209.54,,568461.92
04 Nov 2024,04 Nov 2024,ACH DR LITTLE SCHOLARS DAYCARE MONTHLY FEE,,18500.00,,549961.92
04 Nov 2024,04 Nov 2024,POS 5346XXXXXXXX5190 MCDONALDS INDIA PVT,,595.41,,549366.51
04 Nov 2024,04 Nov 2024,UPI/986822016318/PHARMEASY ONLINE/ICIC,,2211.24,,547155.27
05 Nov 2024,05 Nov 2024,ACH DR HDFC BANK HOME LOAN EMI NOV24,,38000.00,,509155.27
05 Nov 2024,05 Nov 2024,UPI/AUTOPAY/AIRTEL BROADBAND BILL/AIRT,,1395.00,,507760.27
06 Nov 2024,06 Nov 2024,UPI/292285306527/NAMMA YATRI/AXIS,,425.97,,507334.30
06 Nov 2024,06 Nov 2024,UPI/550372264822/ZERODHA BROKING MF SIP/ZERO,,35000.00,,472334.30
07 Nov 2024,07 Nov 2024,ACH DR NETFLIX ENTERTAINMENT SVC,,649.00,,471685.30
08 Nov 2024,08 Nov 2024,POS 5226XXXXXXXX2054 LAKME SALON,,1686.13,,469999.17
08 Nov 2024,08 Nov 2024,UPI/AUTOPAY/BESCOM ELECTRICITY BILL/BESC,,2599.39,,467399.78
09 Nov 2024,09 Nov 2024,ACH DR HDFC ERGO HEALTH INSURANCE PREM,,2450.00,,464949.78
09 Nov 2024,09 Nov 2024,POS 4725XXXXXXXX7365 STARBUCKS COFFEE INDIA,,634.74,,464315.04
10 Nov 2024,10 Nov 2024,POS 4045XXXXXXXX9968 MYNTRA DESIGNS PVT LTD,,4302.79,,460012.25
10 Nov 2024,10 Nov 2024,UPI/423172488223/WOW MOMO FOODS/AXIS,,548.21,,459464.04
10 Nov 2024,10 Nov 2024,UPI/708816529334/OLA CABS ANI TECH/PAYTM,,329.41,,459134.63
11 Nov 2024,11 Nov 2024,ACH DR SPOTIFY INDIA PREMIUM,,185.00,,458949.63
11 Nov 2024,11 Nov 2024,POS 5047XXXXXXXX4247 STARBUCKS COFFEE INDIA,,777.22,,458172.41
11 Nov 2024,11 Nov 2024,UPI/582625785842/BLINKIT GROCERY/HDFC,,2340.48,,455831.93
12 Nov 2024,12 Nov 2024,UPI/511793752283/MAHANAGAR GAS BILL PAY/MGAS,,1126.56,,454705.37
13 Nov 2024,13 Nov 2024,POS 5403XXXXXXXX6446 DECATHLON SPORTS INDIA,,8549.46,,446155.91
14 Nov 2024,14 Nov 2024,UPI/567050596694/UBER INDIA SYSTEMS/HDFC,,528.21,,445627.70
14 Nov 2024,14 Nov 2024,UPI/AUTOPAY/JIO POSTPAID BILL/RJIO,,599.00,,445028.70
16 Nov 2024,16 Nov 2024,ACH DR ADOBE CREATIVE CLOUD,,2019.00,,443009.70
16 Nov 2024,16 Nov 2024,POS 4329XXXXXXXX9537 STARBUCKS COFFEE INDIA,,1071.02,,441938.68
16 Nov 2024,16 Nov 2024,POS 4701XXXXXXXX3198 HPCL PETROL PUMP,,3894.24,,438044.44
17 Nov 2024,17 Nov 2024,POS 4691XXXXXXXX2688 CHAAYOS TEA CAFE,,406.39,,437638.05
18 Nov 2024,18 Nov 2024,UPI/464665602208/COUNTRY DELIGHT MILK/AXIS,,899.80,,436738.25
19 Nov 2024,19 Nov 2024,ACH DR GOOGLE ONE STORAGE,,210.00,,436528.25
19 Nov 2024,19 Nov 2024,ATW-5136XXXXXXXX7942-HDFC BANK ATM CASH WITHDRAWAL,,2000.00,,434528.25
21 Nov 2024,21 Nov 2024,UPI/856428490944/RAPIDO BIKE TAXI/YESB,,341.96,,434186.29
22 Nov 2024,22 Nov 2024,ATW-4914XXXXXXXX9402-HDFC BANK ATM CASH WITHDRAWAL,,10000.00,,424186.29
22 Nov 2024,22 Nov 2024,POS 5599XXXXXXXX7246 IRCTC RAIL TICKET BOOKING,,932.45,,423253.84
22 Nov 2024,22 Nov 2024,UPI/266952159058/PHARMEASY ONLINE/ICIC,,2145.98,,421107.86
23 Nov 2024,23 Nov 2024,UPI/287811657310/BARBEQUE NATION HOSP/HDFC,,5194.51,,415913.35
23 Nov 2024,23 Nov 2024,UPI/662182024305/FLIPKART INTERNET/HDFC,,3977.62,,411935.73
24 Nov 2024,24 Nov 2024,POS 5167XXXXXXXX7503 PVR CINEMAS LTD,,1196.21,,410739.52
24 Nov 2024,24 Nov 2024,UPI/186863099731/BIGBASKET SUPERMKT/ICIC,,3214.97,,407524.55
24 Nov 2024,24 Nov 2024,UPI/623023601882/BEHROUZ BIRYANI/PAYTM,,1337.36,,406187.19
26 Nov 2024,26 Nov 2024,UPI/241045593416/FLIPKART INTERNET/HDFC,,6779.86,,399407.33
27 Nov 2024,27 Nov 2024,POS 4143XXXXXXXX3388 STARBUCKS COFFEE INDIA,,425.84,,398981.49
28 Nov 2024,28 Nov 2024,UPI/592148385100/WOW MOMO FOODS/AXIS,,342.92,,398638.57
29 Nov 2024,29 Nov 2024,POS 4527XXXXXXXX6980 MCDONALDS INDIA PVT,,335.64,,398302.93
29 Nov 2024,29 Nov 2024,UPI/498817656768/RAPIDO BIKE TAXI/YESB,,294.36,,398008.57
30 Nov 2024,30 Nov 2024,UPI/244428695681/ZOMATO ONLINE ORDER/YESB,,401.42,,397607.15
01 Dec 2024,01 Dec 2024,NEFT CR-ICIC0000456-NORTHSTAR ANALYTICS LLP-SALARY DEC24,,,308937.62,706544.77
01 Dec 2024,01 Dec 2024,UPI/161404597969/NAMMA YATRI/AXIS,,506.80,,706037.97
02 Dec 2024,02 Dec 2024,UPI/354649936265/NOBROKER PAY RENT LANDLORD/HDFC,,52000.00,,654037.97
03 Dec 2024,03 Dec 2024,POS 5539XXXXXXXX4203 IRCTC RAIL TICKET BOOKING,,691.23,,653346.74
04 Dec 2024,04 Dec 2024,ACH DR LITTLE SCHOLARS DAYCARE MONTHLY FEE,,18500.00,,634846.74
05 Dec 2024,05 Dec 2024,ACH DR HDFC BANK HOME LOAN EMI DEC24,,38000.00,,596846.74
05 Dec 2024,05 Dec 2024,POS 4192XXXXXXXX1469 CHAAYOS TEA CAFE,,444.84,,596401.90
05 Dec 2024,05 Dec 2024,POS 5480XXXXXXXX7767 LAKME SALON,,3716.83,,592685.07
05 Dec 2024,05 Dec 2024,UPI/636734815245/PAYTM FASTAG RECHARGE/PYTM,,817.87,,591867.20
05 Dec 2024,05 Dec 2024,UPI/AUTOPAY/AIRTEL BROADBAND BILL/AIRT,,1395.00,,590472.20
06 Dec 2024,06 Dec 2024,POS 4277XXXXXXXX3704 IRCTC RAIL TICKET BOOKING,,2381.14,,588091.06
06 Dec 2024,06 Dec 2024,UPI/875790384593/ZERODHA BROKING MF SIP/ZERO,,35000.00,,553091.06
07 Dec 2024,07 Dec 2024,ACH DR NETFLIX ENTERTAINMENT SVC,,649.00,,552442.06
08 Dec 2024,08 Dec 2024,POS 5055XXXXXXXX6003 IRCTC RAIL TICKET BOOKING,,1126.51,,551315.55
08 Dec 2024,08 Dec 2024,POS 5249XXXXXXXX6428 CULT FIT FITNESS,,2702.20,,548613.35
08 Dec 2024,08 Dec 2024,UPI/111953806585/ZOMATO ONLINE ORDER/YESB,,683.19,,547930.16
08 Dec 2024,08 Dec 2024,UPI/924832346398/AMAZON SELLER SERV REFUND/HDFC,,,422.50,548352.66
08 Dec 2024,08 Dec 2024,UPI/AUTOPAY/BESCOM ELECTRICITY BILL/BESC,,4343.09,,544009.57
09 Dec 2024,09 Dec 2024,ACH DR HDFC ERGO HEALTH INSURANCE PREM,,2450.00,,541559.57
09 Dec 2024,09 Dec 2024,UPI/428899969168/DOMINOS PIZZA IND/ICIC,,886.64,,540672.93
11 Dec 2024,11 Dec 2024,ACH DR SPOTIFY INDIA PREMIUM,,185.00,,540487.93
11 Dec 2024,11 Dec 2024,POS 5343XXXXXXXX6761 IRCTC RAIL TICKET BOOKING,,2813.49,,537674.44
12 Dec 2024,12 Dec 2024,UPI/446491471403/MAHANAGAR GAS BILL PAY/MGAS,,625.39,,537049.05
13 Dec 2024,13 Dec 2024,UPI/685155175101/DOMINOS PIZZA IND/ICIC,,902.11,,536146.94
14 Dec 2024,14 Dec 2024,UPI/115152793158/BOOKMYSHOW TICKETS/HDFC,,1338.49,,534808.45
14 Dec 2024,14 Dec 2024,UPI/293870971060/UBER INDIA SYSTEMS/HDFC,,1012.90,,533795.55
14 Dec 2024,14 Dec 2024,UPI/AUTOPAY/JIO POSTPAID BILL/RJIO,,599.00,,533196.55
15 Dec 2024,15 Dec 2024,UPI/300420685789/WOW MOMO FOODS/AXIS,,443.86,,532752.69
16 Dec 2024,16 Dec 2024,ACH DR ADOBE CREATIVE CLOUD,,2019.00,,530733.69
19 Dec 2024,19 Dec 2024,ACH DR GOOGLE ONE STORAGE,,210.00,,530523.69
19 Dec 2024,19 Dec 2024,ATW-5294XXXXXXXX8658-HDFC BANK ATM CASH WITHDRAWAL,,10000.00,,520523.69
19 Dec 2024,19 Dec 2024,UPI/481910519192/FLIPKART INTERNET/HDFC,,6134.81,,514388.88
20 Dec 2024,20 Dec 2024,POS 4349XXXXXXXX6597 IRCTC RAIL TICKET BOOKING,,2515.59,,511873.29
20 Dec 2024,20 Dec 2024,POS 5009XXXXXXXX4736 CULT FIT FITNESS,,2554.83,,509318.46
20 Dec 2024,20 Dec 2024,UPI/407455563235/NYKAA ECOMM/ICIC,,3281.51,,506036.95
21 Dec 2024,21 Dec 2024,UPI/469490926077/LICIOUS MEAT DELIVERY/HDFC,,1634.82,,504402.13
21 Dec 2024,21 Dec 2024,UPI/985901452979/BEHROUZ BIRYANI/PAYTM,,1815.30,,502586.83
22 Dec 2024,22 Dec 2024,ACH DR AMAZON PRIME MEMBERSHIP,,1499.00,,501087.83
22 Dec 2024,22 Dec 2024,UPI/235723394311/BARBEQUE NATION HOSP/HDFC,,3254.51,,497833.32
24 Dec 2024,24 Dec 2024,UPI/204029475060/CRED CLUB CREDIT CARD BILL/AXIS,,15926.28,,481907.04
25 Dec 2024,25 Dec 2024,UPI/759796764730/URBAN COMPANY SALON/HDFC,,2861.22,,479045.82
27 Dec 2024,27 Dec 2024,IMPS DR-325244744-SELF TRANSFER TO SAVINGS AC,,39271.38,,439774.44
27 Dec 2024,27 Dec 2024,SMS ALERT CHARGES INCL GST,,17.70,,439756.74
28 Dec 2024,28 Dec 2024,UPI/215964617780/SWIGGY FOOD ORDER/HDFC,,1277.22,,438479.52
29 Dec 2024,29 Dec 2024,UPI/210154461628/COUNTRY DELIGHT MILK/AXIS,,1193.02,,437286.50
29 Dec 2024,29 Dec 2024,UPI/672616781760/BEHROUZ BIRYANI/PAYTM,,1195.70,,436090.80
31 Dec 2024,31 Dec 2024,UPI/649422106134/OLA CABS ANI TECH/PAYTM,,338.42,,435752.38
31 Dec 2024,31 Dec 2024,UPI/653384711847/BEHROUZ BIRYANI/PAYTM,,1212.44,,434539.94
01 Jan 2025,01 Jan 2025,NEFT CR-ICIC0000456-NORTHSTAR ANALYTICS LLP-SALARY JAN25,,,310507.86,745047.80
02 Jan 2025,02 Jan 2025,UPI/134890711793/NOBROKER PAY RENT LANDLORD/HDFC,,52000.00,,693047.80
02 Jan 2025,02 Jan 2025,UPI/622099220294/FLIPKART INTERNET/HDFC,,10809.64,,682238.16
02 Jan 2025,02 Jan 2025,UPI/795376781062/SWIGGY FOOD ORDER/HDFC,,1004.26,,681233.90
03 Jan 2025,03 Jan 2025,POS 4642XXXXXXXX7501 MYNTRA DESIGNS PVT LTD,,6299.02,,674934.88
03 Jan 2025,03 Jan 2025,UPI/156647594116/DOMINOS PIZZA IND/ICIC,,896.80,,674038.08
04 Jan 2025,04 Jan 2025,ACH DR LITTLE SCHOLARS DAYCARE MONTHLY FEE,,18500.00,,655538.08
04 Jan 2025,04 Jan 2025,UPI/339431407336/RAPIDO BIKE TAXI/YESB,,86.33,,655451.75
04 Jan 2025,04 Jan 2025,UPI/560745532597/BIGBASKET SUPERMKT/ICIC,,3596.03,,651855.72
05 Jan 2025,05 Jan 2025,ACH DR HDFC BANK HOME LOAN EMI JAN25,,38000.00,,613855.72
05 Jan 2025,05 Jan 2025,POS 4790XXXXXXXX2249 CHAAYOS TEA CAFE,,382.55,,613473.17
05 Jan 2025,05 Jan 2025,POS 5449XXXXXXXX4101 PVR CINEMAS LTD,,735.12,,612738.05
05 Jan 2025,05 Jan 2025,UPI/AUTOPAY/AIRTEL BROADBAND BILL/AIRT,,1395.00,,611343.05
06 Jan 2025,06 Jan 2025,POS 4015XXXXXXXX6575 MCDONALDS INDIA PVT,,763.79,,610579.26
06 Jan 2025,06 Jan 2025,POS 4271XXXXXXXX4610 IRCTC RAIL TICKET BOOKING,,1743.40,,608835.86
06 Jan 2025,06 Jan 2025,UPI/530842873030/ZERODHA BROKING MF SIP/ZERO,,35000.00,,573835.86
07 Jan 2025,07 Jan 2025,ACH DR NETFLIX ENTERTAINMENT SVC,,649.00,,573186.86
07 Jan 2025,07 Jan 2025,UPI/463921243604/DOMINOS PIZZA IND/ICIC,,695.57,,572491.29
08 Jan 2025,08 Jan 2025,UPI/376658297476/NYKAA ECOMM/ICIC,,3678.48,,568812.81
08 Jan 2025,08 Jan 2025,UPI/AUTOPAY/BESCOM ELECTRICITY BILL/BESC,,3321.66,,565491.15
09 Jan 2025,09 Jan 2025,ACH DR HDFC ERGO HEALTH INSURANCE PREM,,2450.00,,563041.15
10 Jan 2025,10 Jan 2025,NEFT DR-GREENWOOD HIGH SCHOOL-TERM FEE,,46000.00,,517041.15
11 Jan 2025,11 Jan 2025,ACH DR SPOTIFY INDIA PREMIUM,,185.00,,516856.15
11 Jan 2025,11 Jan 2025,ATW-5046XXXXXXXX5567-HDFC BANK ATM CASH WITHDRAWAL,,3000.00,,513856.15
11 Jan 2025,11 Jan 2025,POS 4548XXXXXXXX1157 MCDONALDS INDIA PVT,,734.07,,513122.08
11 Jan 2025,11 Jan 2025,POS 5182XXXXXXXX3518 STEAM GAMES VALVE CORP,,4026.56,,509095.52
11 Jan 2025,11 Jan 2025,POS 5436XXXXXXXX5397 DECATHLON SPORTS INDIA,,7793.82,,501301.70
11 Jan 2025,11 Jan 2025,UPI/191887775901/COUNTRY DELIGHT MILK/AXIS,,1163.59,,500138.11
11 Jan 2025,11 Jan 2025,UPI/724541151720/OLA CABS ANI TECH/PAYTM,,304.15,,499833.96
12 Jan 2025,12 Jan 2025,POS 5302XXXXXXXX7663 CHAAYOS TEA CAFE,,653.08,,499180.88
12 Jan 2025,12 Jan 2025,UPI/477088783743/MAHANAGAR GAS BILL PAY/MGAS,,691.34,,498489.54
13 Jan 2025,13 Jan 2025,UPI/612367536507/NYKAA ECOMM/ICIC,,2016.14,,496473.40
14 Jan 2025,14 Jan 2025,UPI/865083931211/LICIOUS MEAT DELIVERY/HDFC,,1344.36,,495129.04
14 Jan 2025,14 Jan 2025,UPI/AUTOPAY/JIO POSTPAID BILL/RJIO,,599.00,,494530.04
16 Jan 2025,16 Jan 2025,ACH DR ADOBE CREATIVE CLOUD,,2019.00,,492511.04
16 Jan 2025,16 Jan 2025,UPI/228646581926/BARBEQUE NATION HOSP/HDFC,,2753.94,,489757.10
17 Jan 2025,17 Jan 2025,UPI/279256767544/BEHROUZ BIRYANI/PAYTM,,545.23,,489211.87
17 Jan 2025,17 Jan 2025,UPI/876183956102/PAYTM FASTAG RECHARGE/PYTM,,952.76,,488259.11
18 Jan 2025,18 Jan 2025,POS 5415XXXXXXXX3879 PVR CINEMAS LTD,,1104.83,,487154.28
18 Jan 2025,18 Jan 2025,UPI/390829287269/BIGBASKET SUPERMKT/ICIC,,5021.65,,482132.63
18 Jan 2025,18 Jan 2025,UPI/697449190689/CRED CLUB CREDIT CARD BILL/AXIS,,14954.27,,467178.36
18 Jan 2025,18 Jan 2025,UPI/962863663393/URBAN COMPANY SALON/HDFC,,1440.31,,465738.05
19 Jan 2025,19 Jan 2025,ACH DR GOOGLE ONE STORAGE,,210.00,,465528.05
19 Jan 2025,19 Jan 2025,UPI/492783306617/BARBEQUE NATION HOSP/HDFC,,4073.56,,461454.49
20 Jan 2025,20 Jan 2025,POS 5280XXXXXXXX4926 PRACTO CONSULT,,1609.13,,459845.36
20 Jan 2025,20 Jan 2025,UPI/678551103137/BLINKIT GROCERY/HDFC,,1638.15,,458207.21
21 Jan 2025,21 Jan 2025,UPI/676141549174/ZOMATO ONLINE ORDER/YESB,,1019.75,,457187.46
22 Jan 2025,22 Jan 2025,POS 5167XXXXXXXX4709 MCDONALDS INDIA PVT,,549.21,,456638.25
23 Jan 2025,23 Jan 2025,POS 5075XXXXXXXX7324 AMAZON SELLER SERVICES,,9900.29,,446737.96
23 Jan 2025,23 Jan 2025,POS 5557XXXXXXXX9366 MCDONALDS INDIA PVT,,747.85,,445990.11
24 Jan 2025,24 Jan 2025,POS 4864XXXXXXXX4698 HPCL PETROL PUMP,,4421.39,,441568.72
25 Jan 2025,25 Jan 2025,POS 4308XXXXXXXX1096 THIRD WAVE COFFEE,,801.75,,440766.97
25 Jan 2025,25 Jan 2025,POS 4437XXXXXXXX8154 PVR CINEMAS LTD,,1406.56,,439360.41
25 Jan 2025,25 Jan 2025,POS 5088XXXXXXXX8426 AMAZON SELLER SERVICES,,9059.03,,430301.38
28 Jan 2025,28 Jan 2025,UPI/665941222354/FLIPKART INTERNET/HDFC,,3803.81,,426497.57
29 Jan 2025,29 Jan 2025,POS 5425XXXXXXXX7988 IRCTC RAIL TICKET BOOKING,,3088.57,,423409.00
30 Jan 2025,30 Jan 2025,UPI/126124413629/UBER INDIA SYSTEMS/HDFC,,834.99,,422574.01
31 Jan 2025,31 Jan 2025,POS 5360XXXXXXXX3763 CULT FIT FITNESS,,2093.10,,420480.91
31 Jan 2025,31 Jan 2025,UPI/524864200656/URBAN COMPANY SALON/HDFC,,2729.13,,417751.78
01 Feb 2025,01 Feb 2025,NEFT CR-ICIC0000456-NORTHSTAR ANALYTICS LLP-SALARY FEB25,,,310876.62,728628.40
01 Feb 2025,01 Feb 2025,UPI/820334842076/OLA CABS ANI TECH/PAYTM,,504.95,,728123.45
02 Feb 2025,02 Feb 2025,UPI/904906091097/NOBROKER PAY RENT LANDLORD/HDFC,,52000.00,,676123.45
03 Feb 2025,03 Feb 2025,POS 4149XXXXXXXX7038 IRCTC RAIL TICKET BOOKING,,1561.46,,674561.99
03 Feb 2025,03 Feb 2025,UPI/174727833467/DOMINOS PIZZA IND/ICIC,,553.92,,674008.07
04 Feb 2025,04 Feb 2025,ACH DR LITTLE SCHOLARS DAYCARE MONTHLY FEE,,18500.00,,655508.07
04 Feb 2025,04 Feb 2025,UPI/328926392829/WOW MOMO FOODS/AXIS,,536.02,,654972.05
05 Feb 2025,05 Feb 2025,ACH DR HDFC BANK HOME LOAN EMI FEB25,,38000.00,,616972.05
05 Feb 2025,05 Feb 2025,UPI/870819530322/URBAN COMPANY SALON/HDFC,,2825.35,,614146.70
05 Feb 2025,05 Feb 2025,UPI/AUTOPAY/AIRTEL BROADBAND BILL/AIRT,,1395.00,,612751.70
06 Feb 2025,06 Feb 2025,UPI/126127757242/SWIGGY FOOD ORDER/HDFC,,613.20,,612138.50
06 Feb 2025,06 Feb 2025,UPI/602393968303/ZERODHA BROKING MF SIP/ZERO,,35000.00,,577138.50
07 Feb 2025,07 Feb 2025,ACH DR NETFLIX ENTERTAINMENT SVC,,810.00,,576328.50
08 Feb 2025,08 Feb 2025,POS 4141XXXXXXXX7316 THIRD WAVE COFFEE,,356.78,,575971.72
08 Feb 2025,08 Feb 2025,UPI/AUTOPAY/BESCOM ELECTRICITY BILL/BESC,,2011.98,,573959.74
09 Feb 2025,09 Feb 2025,ACH DR HDFC ERGO HEALTH INSURANCE PREM,,2450.00,,571509.74
09 Feb 2025,09 Feb 2025,POS 5177XXXXXXXX3464 HPCL PETROL PUMP,,4264.09,,567245.65
09 Feb 2025,09 Feb 2025,POS 5218XXXXXXXX2972 THIRD WAVE COFFEE,,587.15,,566658.50
09 Feb 2025,09 Feb 2025,UPI/869252780212/BLINKIT GROCERY/HDFC,,1968.96,,564689.54
10 Feb 2025,10 Feb 2025,UPI/530161401065/RAPIDO BIKE TAXI/YESB,,117.30,,564572.24
11 Feb 2025,11 Feb 2025,ACH DR SPOTIFY INDIA PREMIUM,,185.00,,564387.24
11 Feb 2025,11 Feb 2025,UPI/716102516243/RAPIDO BIKE TAXI/YESB,,203.51,,564183.73
12 Feb 2025,12 Feb 2025,UPI/100778236739/MAHANAGAR GAS BILL PAY/MGAS,,1060.14,,563123.59
13 Feb 2025,13 Feb 2025,UPI/825706705624/ZOMATO ONLINE ORDER/YESB,,719.32,,562404.27
14 Feb 2025,14 Feb 2025,ATW-5053XXXXXXXX3612-HDFC BANK ATM CASH WITHDRAWAL,,3000.00,,559404.27
14 Feb 2025,14 Feb 2025,IMPS CR-221244606-PERFORMANCE INCENTIVE PAYOUT,,,38135.01,597539.28
14 Feb 2025,14 Feb 2025,UPI/804402134226/ZOMATO ONLINE ORDER/YESB,,345.34,,597193.94
14 Feb 2025,14 Feb 2025,UPI/AUTOPAY/JIO POSTPAID BILL/RJIO,,599.00,,596594.94
15 Feb 2025,15 Feb 2025,UPI/464141108916/PAYTM FASTAG RECHARGE/PYTM,,1024.54,,595570.40
15 Feb 2025,15 Feb 2025,UPI/670637859049/BARBEQUE NATION HOSP/HDFC,,5192.22,,590378.18
16 Feb 2025,16 Feb 2025,ACH DR ADOBE CREATIVE CLOUD,,2019.00,,588359.18
16 Feb 2025,16 Feb 2025,UPI/614525641140/SWIGGY FOOD ORDER/HDFC,,1292.60,,587066.58
17 Feb 2025,17 Feb 2025,UPI/186598677339/CRED CLUB CREDIT CARD BILL/AXIS,,18399.31,,568667.27
17 Feb 2025,17 Feb 2025,UPI/836729699940/ZEPTO NOW/YESB,,803.55,,567863.72
18 Feb 2025,18 Feb 2025,POS 5285XXXXXXXX3512 DECATHLON SPORTS INDIA,,7062.80,,560800.92
19 Feb 2025,19 Feb 2025,ACH DR GOOGLE ONE STORAGE,,210.00,,560590.92
20 Feb 2025,20 Feb 2025,POS 5426XXXXXXXX1322 IRCTC RAIL TICKET BOOKING,,3510.92,,557080.00
20 Feb 2025,20 Feb 2025,UPI/543987177458/BARBEQUE NATION HOSP/HDFC,,2238.18,,554841.82
21 Feb 2025,21 Feb 2025,UPI/225791701278/PAYTM FASTAG RECHARGE/PYTM,,1199.85,,553641.97
21 Feb 2025,21 Feb 2025,UPI/275773832399/FLIPKART INTERNET/HDFC,,5065.50,,548576.47
21 Feb 2025,21 Feb 2025,UPI/617917392352/BARBEQUE NATION HOSP/HDFC,,3119.35,,545457.12
22 Feb 2025,22 Feb 2025,ATW-4596XXXXXXXX1045-HDFC BANK ATM CASH WITHDRAWAL,,5000.00,,540457.12
22 Feb 2025,22 Feb 2025,POS 4914XXXXXXXX4014 DECATHLON SPORTS INDIA,,4103.02,,536354.10
22 Feb 2025,22 Feb 2025,UPI/783209070353/BARBEQUE NATION HOSP/HDFC,,3844.56,,532509.54
23 Feb 2025,23 Feb 2025,POS 4473XXXXXXXX6403 STARBUCKS COFFEE INDIA,,779.04,,531730.50
23 Feb 2025,23 Feb 2025,POS 4640XXXXXXXX6097 HPCL PETROL PUMP,,3220.64,,528509.86
24 Feb 2025,24 Feb 2025,POS 4850XXXXXXXX3838 IRCTC RAIL TICKET BOOKING,,2626.43,,525883.43
24 Feb 2025,24 Feb 2025,UPI/542083255477/ZEPTO NOW/YESB,,1386.80,,524496.63
25 Feb 2025,25 Feb 2025,UPI/225354348728/OLA CABS ANI TECH/PAYTM,,495.02,,524001.61
27 Feb 2025,27 Feb 2025,POS 4121XXXXXXXX2478 PRACTO CONSULT,,1683.78,,522317.83
28 Feb 2025,28 Feb 2025,POS 5326XXXXXXXX4602 AMAZON SELLER SERVICES,,6659.97,,515657.86
28 Feb 2025,28 Feb 2025,UPI/155731154501/OLA CABS ANI TECH/PAYTM,,665.77,,514992.09
28 Feb 2025,28 Feb 2025,UPI/658671505718/SWIGGY FOOD ORDER/HDFC,,931.32,,514060.77
01 Mar 2025,01 Mar 2025,NEFT CR-ICIC0000456-NORTHSTAR ANALYTICS LLP-SALARY MAR25,,,309488.35,823549.12
01 Mar 2025,01 Mar 2025,POS 4060XXXXXXXX3682 PVR CINEMAS LTD,,750.46,,822798.66
02 Mar 2025,02 Mar 2025,UPI/386433021564/UBER INDIA SYSTEMS/HDFC,,860.38,,821938.28
02 Mar 2025,02 Mar 2025,UPI/915923050961/NOBROKER PAY RENT LANDLORD/HDFC,,52000.00,,769938.28
03 Mar 2025,03 Mar 2025,POS 4176XXXXXXXX5224 LAKME SALON,,1702.65,,768235.63
04 Mar 2025,04 Mar 2025,ACH DR LITTLE SCHOLARS DAYCARE MONTHLY FEE,,18500.00,,749735.63
04 Mar 2025,04 Mar 2025,UPI/489294674035/ZOMATO ONLINE ORDER/YESB,,1082.48,,748653.15
04 Mar 2025,04 Mar 2025,UPI/572298377401/PAYTM FASTAG RECHARGE/PYTM,,790.82,,747862.33
05 Mar 2025,05 Mar 2025,ACH DR HDFC BANK HOME LOAN EMI MAR25,,38000.00,,709862.33
05 Mar 2025,05 Mar 2025,ATW-4098XXXXXXXX7641-HDFC BANK ATM CASH WITHDRAWAL,,10000.00,,699862.33
05 Mar 2025,05 Mar 2025,UPI/967500516134/WOW MOMO FOODS/AXIS,,570.64,,699291.69
05 Mar 2025,05 Mar 2025,UPI/AUTOPAY/AIRTEL BROADBAND BILL/AIRT,,1395.00,,697896.69
06 Mar 2025,06 Mar 2025,POS 4567XXXXXXXX9445 HPCL PETROL PUMP,,4612.36,,693284.33
06 Mar 2025,06 Mar 2025,UPI/149094755656/ZERODHA BROKING MF SIP/ZERO,,35000.00,,658284.33
06 Mar 2025,06 Mar 2025,UPI/990424565679/COUNTRY DELIGHT MILK/AXIS,,785.80,,657498.53
07 Mar 2025,07 Mar 2025,ACH DR NETFLIX ENTERTAINMENT SVC,,810.00,,656688.53
07 Mar 2025,07 Mar 2025,UPI/845775693790/BEHROUZ BIRYANI/PAYTM,,1347.82,,655340.71
08 Mar 2025,08 Mar 2025,POS 5030XXXXXXXX7213 AMAZON SELLER SERVICES,,7904.51,,647436.20
08 Mar 2025,08 Mar 2025,UPI/248974463158/URBAN COMPANY SALON/HDFC,,944.90,,646491.30
08 Mar 2025,08 Mar 2025,UPI/264256217525/DOMINOS PIZZA IND/ICIC,,892.71,,645598.59
08 Mar 2025,08 Mar 2025,UPI/315422156142/BLINKIT GROCERY/HDFC,,1159.42,,644439.17
08 Mar 2025,08 Mar 2025,UPI/AUTOPAY/BESCOM ELECTRICITY BILL/BESC,,3829.58,,640609.59
09 Mar 2025,09 Mar 2025,ACH DR HDFC ERGO HEALTH INSURANCE PREM,,2450.00,,638159.59
09 Mar 2025,09 Mar 2025,UPI/113764987419/ZOMATO ONLINE ORDER/YESB,,1409.63,,636749.96
09 Mar 2025,09 Mar 2025,UPI/197337859957/COUNTRY DELIGHT MILK/AXIS,,983.49,,635766.47
10 Mar 2025,10 Mar 2025,UPI/156261651612/BARBEQUE NATION HOSP/HDFC,,3329.88,,632436.59
11 Mar 2025,11 Mar 2025,ACH DR SPOTIFY INDIA PREMIUM,,185.00,,632251.59
11 Mar 2025,11 Mar 2025,POS 4377XXXXXXXX4927 LAKME SALON,,1654.60,,630596.99
11 Mar 2025,11 Mar 2025,UPI/469650799353/BARBEQUE NATION HOSP/HDFC,,4228.20,,626368.79
12 Mar 2025,12 Mar 2025,POS 4502XXXXXXXX3468 CHAAYOS TEA CAFE,,549.46,,625819.33
12 Mar 2025,12 Mar 2025,UPI/121753309732/NAMMA YATRI/AXIS,,510.69,,625308.64
12 Mar 2025,12 Mar 2025,UPI/807142778085/MAHANAGAR GAS BILL PAY/MGAS,,870.42,,624438.22
13 Mar 2025,13 Mar 2025,UPI/517996046939/RAPIDO BIKE TAXI/YESB,,123.36,,624314.86
13 Mar 2025,13 Mar 2025,UPI/888886517612/ZEPTO NOW/YESB,,826.44,,623488.42
14 Mar 2025,14 Mar 2025,POS 4124XXXXXXXX7884 CHAAYOS TEA CAFE,,348.40,,623140.02
14 Mar 2025,14 Mar 2025,UPI/292921836231/RAPIDO BIKE TAXI/YESB,,254.42,,622885.60
14 Mar 2025,14 Mar 2025,UPI/AUTOPAY/JIO POSTPAID BILL/RJIO,,599.00,,622286.60
15 Mar 2025,15 Mar 2025,UPI/797722885411/BEHROUZ BIRYANI/PAYTM,,2059.29,,620227.31
16 Mar 2025,16 Mar 2025,ACH DR ADOBE CREATIVE CLOUD,,2019.00,,618208.31
17 Mar 2025,17 Mar 2025,POS 4191XXXXXXXX9236 CHAAYOS TEA CAFE,,314.47,,617893.84
17 Mar 2025,17 Mar 2025,POS 5025XXXXXXXX1252 AMAZON SELLER SERVICES,,949.60,,616944.24
18 Mar 2025,18 Mar 2025,POS 4300XXXXXXXX1154 THIRD WAVE COFFEE,,628.20,,616316.04
19 Mar 2025,19 Mar 2025,ACH DR GOOGLE ONE STORAGE,,210.00,,616106.04
19 Mar 2025,19 Mar 2025,POS 4072XXXXXXXX5871 MYNTRA DESIGNS PVT LTD,,6968.60,,609137.44
19 Mar 2025,19 Mar 2025,UPI/113960396200/APOLLO PHARMACY/HDFC,,351.68,,608785.76
20 Mar 2025,20 Mar 2025,UPI/350551371522/ZOMATO ONLINE ORDER/YESB,,860.97,,607924.79
21 Mar 2025,21 Mar 2025,POS 4244XXXXXXXX1139 AMAZON SELLER SERVICES,,9873.19,,598051.60
21 Mar 2025,21 Mar 2025,UPI/517826495562/BEHROUZ BIRYANI/PAYTM,,934.13,,597117.47
22 Mar 2025,22 Mar 2025,UPI/116235936499/WOW MOMO FOODS/AXIS,,520.76,,596596.71
22 Mar 2025,22 Mar 2025,UPI/987124350085/BOOKMYSHOW TICKETS/HDFC,,591.07,,596005.64
25 Mar 2025,25 Mar 2025,UPI/686882897188/PAYTM FASTAG RECHARGE/PYTM,,768.29,,595237.35
26 Mar 2025,26 Mar 2025,ATM CASH WDL CHARGE EXCEEDING FREE LIMIT INCL GST,,25.96,,595211.39
26 Mar 2025,26 Mar 2025,IMPS DR-248262804-SELF TRANSFER TO SAVINGS AC,,42008.41,,553202.98
26 Mar 2025,26 Mar 2025,POS 5310XXXXXXXX6136 MCDONALDS INDIA PVT,,441.38,,552761.60
27 Mar 2025,27 Mar 2025,UPI/244969102276/DOMINOS PIZZA IND/ICIC,,711.55,,552050.05
28 Mar 2025,28 Mar 2025,POS 5116XXXXXXXX6343 LAKME SALON,,3159.46,,548890.59
28 Mar 2025,28 Mar 2025,UPI/665670623212/COUNTRY DELIGHT MILK/AXIS,,773.73,,548116.86
29 Mar 2025,29 Mar 2025,POS 4588XXXXXXXX5720 STEAM GAMES VALVE CORP,,3245.93,,544870.93
29 Mar 2025,29 Mar 2025,UPI/608269009228/LICIOUS MEAT DELIVERY/HDFC,,2020.95,,542849.98
30 Mar 2025,30 Mar 2025,UPI/574846768379/SWIGGY FOOD ORDER/HDFC,,549.02,,542300.96
30 Mar 2025,30 Mar 2025,UPI/853460386754/ZEPTO NOW/YESB,,1447.26,,540853.70
31 Mar 2025,31 Mar 2025,POS 5077XXXXXXXX6010 DECATHLON SPORTS INDIA,,5477.78,,535375.92
01 Apr 2025,01 Apr 2025,NEFT CR-ICIC0000456-NORTHSTAR ANALYTICS LLP-SALARY APR25,,,309409.84,844785.76
01 Apr 2025,01 Apr 2025,POS 5388XXXXXXXX1818 LAKME SALON,,3066.56,,841719.20
01 Apr 2025,01 Apr 2025,UPI/753544100427/COUNTRY DELIGHT MILK/AXIS,,1126.26,,840592.94
02 Apr 2025,02 Apr 2025,POS 5101XXXXXXXX6750 IRCTC RAIL TICKET BOOKING,,2766.79,,837826.15
02 Apr 2025,02 Apr 2025,UPI/819927361000/NOBROKER PAY RENT LANDLORD/HDFC,,52000.00,,785826.15
04 Apr 2025,04 Apr 2025,ACH DR LITTLE SCHOLARS DAYCARE MONTHLY FEE,,18500.00,,767326.15
04 Apr 2025,04 Apr 2025,SMS ALERT CHARGES INCL GST,,23.60,,767302.55
05 Apr 2025,05 Apr 2025,ACH DR HDFC BANK HOME LOAN EMI APR25,,38000.00,,729302.55
05 Apr 2025,05 Apr 2025,UPI/AUTOPAY/AIRTEL BROADBAND BILL/AIRT,,1395.00,,727907.55
06 Apr 2025,06 Apr 2025,POS 4331XXXXXXXX5531 MYNTRA DESIGNS PVT LTD,,2743.32,,725164.23
06 Apr 2025,06 Apr 2025,UPI/376776074566/ZERODHA BROKING MF SIP/ZERO,,35000.00,,690164.23
06 Apr 2025,06 Apr 2025,UPI/911437051331/BEHROUZ BIRYANI/PAYTM,,1183.25,,688980.98
07 Apr 2025,07 Apr 2025,ACH DR NETFLIX ENTERTAINMENT SVC,,810.00,,688170.98
08 Apr 2025,08 Apr 2025,UPI/AUTOPAY/BESCOM ELECTRICITY BILL/BESC,,4310.40,,683860.58
09 Apr 2025,09 Apr 2025,ACH DR HDFC ERGO HEALTH INSURANCE PREM,,2450.00,,681410.58
09 Apr 2025,09 Apr 2025,POS 4563XXXXXXXX7104 IRCTC RAIL TICKET BOOKING,,3639.09,,677771.49
09 Apr 2025,09 Apr 2025,UPI/785328366653/DOMINOS PIZZA IND/ICIC,,960.56,,676810.93
10 Apr 2025,10 Apr 2025,ATW-4278XXXXXXXX4323-HDFC BANK ATM CASH WITHDRAWAL,,2000.00,,674810.93
10 Apr 2025,10 Apr 2025,NEFT DR-GREENWOOD HIGH SCHOOL-TERM FEE,,46000.00,,628810.93
11 Apr 2025,11 Apr 2025,ACH DR SPOTIFY INDIA PREMIUM,,185.00,,628625.93
12 Apr 2025,12 Apr 2025,UPI/287658358130/ZEPTO NOW/YESB,,985.66,,627640.27
12 Apr 2025,12 Apr 2025,UPI/957056035311/MAHANAGAR GAS BILL PAY/MGAS,,938.18,,626702.09
13 Apr 2025,13 Apr 2025,POS 5082XXXXXXXX5327 DMART AVENUE SUPERMARTS,,2133.74,,624568.35
13 Apr 2025,13 Apr 2025,UPI/416025036315/OLA CABS ANI TECH/PAYTM,,398.73,,624169.62
13 Apr 2025,13 Apr 2025,UPI/489680245018/WOW MOMO FOODS/AXIS,,398.42,,623771.20
14 Apr 2025,14 Apr 2025,UPI/514990711596/BARBEQUE NATION HOSP/HDFC,,4568.56,,619202.64
14 Apr 2025,14 Apr 2025,UPI/AUTOPAY/JIO POSTPAID BILL/RJIO,,599.00,,618603.64
16 Apr 2025,16 Apr 2025,ACH DR ADOBE CREATIVE CLOUD,,2019.00,,616584.64
17 Apr 2025,17 Apr 2025,POS 5198XXXXXXXX5981 IRCTC RAIL TICKET BOOKING,,614.61,,615970.03
19 Apr 2025,19 Apr 2025,ACH DR GOOGLE ONE STORAGE,,242.00,,615728.03
20 Apr 2025,20 Apr 2025,POS 4669XXXXXXXX1697 CULT FIT FITNESS,,2338.04,,613389.99
20 Apr 2025,20 Apr 2025,UPI/991588016412/NAMMA YATRI/AXIS,,401.11,,612988.88
21 Apr 2025,21 Apr 2025,POS 4638XXXXXXXX6477 THIRD WAVE COFFEE,,642.64,,612346.24
21 Apr 2025,21 Apr 2025,POS 5527XXXXXXXX6363 HPCL PETROL PUMP,,4902.10,,607444.14
21 Apr 2025,21 Apr 2025,POS 5541XXXXXXXX5579 DMART AVENUE SUPERMARTS,,3501.43,,603942.71
21 Apr 2025,21 Apr 2025,UPI/283181123416/FLIPKART INTERNET/HDFC,,3907.92,,600034.79
23 Apr 2025,23 Apr 2025,UPI/470248674619/CRED CLUB CREDIT CARD BILL/AXIS,,14044.84,,585989.95
26 Apr 2025,26 Apr 2025,UPI/746778305269/BEHROUZ BIRYANI/PAYTM,,1041.30,,584948.65
27 Apr 2025,27 Apr 2025,UPI/147217661404/NAMMA YATRI/AXIS,,292.46,,584656.19
27 Apr 2025,27 Apr 2025,UPI/827583215885/ZEPTO NOW/YESB,,1353.17,,583303.02
28 Apr 2025,28 Apr 2025,UPI/582638228676/BARBEQUE NATION HOSP/HDFC,,1920.11,,581382.91
01 May 2025,01 May 2025,NEFT CR-ICIC0000456-NORTHSTAR ANALYTICS LLP-SALARY MAY25,,,308786.74,890169.65
02 May 2025,02 May 2025,POS 5551XXXXXXXX3696 IKEA INDIA PVT LTD,,12944.88,,877224.77
02 May 2025,02 May 2025,UPI/237356238671/NOBROKER PAY RENT LANDLORD/HDFC,,52000.00,,825224.77
03 May 2025,03 May 2025,POS 4944XXXXXXXX8260 PVR CINEMAS LTD,,622.10,,824602.67
03 May 2025,03 May 2025,UPI/225759363933/BARBEQUE NATION HOSP/HDFC,,4491.07,,820111.60
03 May 2025,03 May 2025,UPI/717185848408/UBER INDIA SYSTEMS/HDFC,,540.06,,819571.54
03 May 2025,03 May 2025,UPI/832506660643/URBAN COMPANY SALON/HDFC,,787.32,,818784.22
04 May 2025,04 May 2025,ACH DR LITTLE SCHOLARS DAYCARE MONTHLY FEE,,18500.00,,800284.22
05 May 2025,05 May 2025,ACH DR HDFC BANK HOME LOAN EMI MAY25,,38000.00,,762284.22
05 May 2025,05 May 2025,UPI/176967914472/OLA CABS ANI TECH/PAYTM,,1076.53,,761207.69
05 May 2025,05 May 2025,UPI/AUTOPAY/AIRTEL BROADBAND BILL/AIRT,,1395.00,,759812.69
06 May 2025,06 May 2025,UPI/439538348107/ZERODHA BROKING MF SIP/ZERO,,35000.00,,724812.69
07 May 2025,07 May 2025,ACH DR NETFLIX ENTERTAINMENT SVC,,810.00,,724002.69
08 May 2025,08 May 2025,UPI/446579291180/OLA CABS ANI TECH/PAYTM,,797.85,,723204.84
08 May 2025,08 May 2025,UPI/AUTOPAY/BESCOM ELECTRICITY BILL/BESC,,3992.61,,719212.23
09 May 2025,09 May 2025,ACH DR HDFC ERGO HEALTH INSURANCE PREM,,2450.00,,716762.23
09 May 2025,09 May 2025,UPI/176481033351/BARBEQUE NATION HOSP/HDFC,,3066.08,,713696.15
10 May 2025,10 May 2025,POS 4214XXXXXXXX5167 CHAAYOS TEA CAFE,,267.96,,713428.19
10 May 2025,10 May 2025,UPI/403386485279/AMAZON SELLER SERV REFUND/HDFC,,,959.11,714387.30
10 May 2025,10 May 2025,UPI/664515186544/BIGBASKET SUPERMKT/ICIC,,2524.41,,711862.89
10 May 2025,10 May 2025,UPI/912132005335/UBER INDIA SYSTEMS/HDFC,,441.58,,711421.31
11 May 2025,11 May 2025,ACH DR SPOTIFY INDIA PREMIUM,,185.00,,711236.31
11 May 2025,11 May 2025,UPI/341110810489/SWIGGY FOOD ORDER/HDFC,,862.76,,710373.55
12 May 2025,12 May 2025,POS 4950XXXXXXXX8672 HPCL PETROL PUMP,,5292.67,,705080.88
12 May 2025,12 May 2025,UPI/281699436171/MAHANAGAR GAS BILL PAY/MGAS,,631.98,,704448.90
13 May 2025,13 May 2025,UPI/272663916271/BEHROUZ BIRYANI/PAYTM,,1122.39,,703326.51
14 May 2025,14 May 2025,UPI/197068260239/BARBEQUE NATION HOSP/HDFC,,2557.42,,700769.09
14 May 2025,14 May 2025,UPI/721538419325/RAPIDO BIKE TAXI/YESB,,108.90,,700660.19
14 May 2025,14 May 2025,UPI/AUTOPAY/JIO POSTPAID BILL/RJIO,,599.00,,700061.19
15 May 2025,15 May 2025,UPI/124725321971/ZOMATO ONLINE ORDER/YESB,,680.83,,699380.36
16 May 2025,16 May 2025,ACH DR ADOBE CREATIVE CLOUD,,2019.00,,697361.36
16 May 2025,16 May 2025,POS 4495XXXXXXXX4726 STARBUCKS COFFEE INDIA,,557.56,,696803.80
17 May 2025,17 May 2025,UPI/324143209348/UBER INDIA SYSTEMS/HDFC,,679.19,,696124.61
17 May 2025,17 May 2025,UPI/733717896084/SWIGGY FOOD ORDER/HDFC,,998.63,,695125.98
18 May 2025,18 May 2025,POS 5528XXXXXXXX4881 CHAAYOS TEA CAFE,,547.71,,694578.27
19 May 2025,19 May 2025,ACH DR GOOGLE ONE STORAGE,,242.00,,694336.27
20 May 2025,20 May 2025,UPI/659682689795/BARBEQUE NATION HOSP/HDFC,,2170.86,,692165.41
21 May 2025,21 May 2025,ATW-4848XXXXXXXX3000-HDFC BANK ATM CASH WITHDRAWAL,,5000.00,,687165.41
21 May 2025,21 May 2025,POS 5107XXXXXXXX9363 DECATHLON SPORTS INDIA,,9710.67,,677454.74
21 May 2025,21 May 2025,UPI/837566939846/OLA CABS ANI TECH/PAYTM,,935.20,,676519.54
22 May 2025,22 May 2025,UPI/634696254071/NAMMA YATRI/AXIS,,234.79,,676284.75
22 May 2025,22 May 2025,UPI/996661872048/DOMINOS PIZZA IND/ICIC,,503.48,,675781.27
24 May 2025,24 May 2025,POS 4805XXXXXXXX8414 HPCL PETROL PUMP,,2090.14,,673691.13
24 May 2025,24 May 2025,POS 5598XXXXXXXX2541 CULT FIT FITNESS,,3353.90,,670337.23
24 May 2025,24 May 2025,UPI/399705335467/CRED CLUB CREDIT CARD BILL/AXIS,,12504.48,,657832.75
26 May 2025,26 May 2025,SMS ALERT CHARGES INCL GST,,17.70,,657815.05
26 May 2025,26 May 2025,UPI/519136312326/ZEPTO NOW/YESB,,525.13,,657289.92
27 May 2025,27 May 2025,POS 4649XXXXXXXX2573 CHAAYOS TEA CAFE,,380.92,,656909.00
28 May 2025,28 May 2025,IMPS DR-490977686-SELF TRANSFER TO SAVINGS AC,,60963.92,,595945.08
28 May 2025,28 May 2025,UPI/726691869233/NAMMA YATRI/AXIS,,267.07,,595678.01
31 May 2025,31 May 2025,POS 4501XXXXXXXX3591 CULT FIT FITNESS,,2638.72,,593039.29
31 May 2025,31 May 2025,POS 5493XXXXXXXX3869 AMAZON SELLER SERVICES,,11686.40,,581352.89
31 May 2025,31 May 2025,UPI/289938386530/BIGBASKET SUPERMKT/ICIC,,3878.00,,577474.89
31 May 2025,31 May 2025,UPI/918369167425/BARBEQUE NATION HOSP/HDFC,,5323.40,,572151.49
01 Jun 2025,01 Jun 2025,NEFT CR-ICIC0000456-NORTHSTAR ANALYTICS LLP-SALARY JUN25,,,308512.68,880664.17
01 Jun 2025,01 Jun 2025,POS 5540XXXXXXXX8570 STARBUCKS COFFEE INDIA,,1048.25,,879615.92
02 Jun 2025,02 Jun 2025,UPI/769106553903/NOBROKER PAY RENT LANDLORD/HDFC,,52000.00,,827615.92
03 Jun 2025,03 Jun 2025,POS 5114XXXXXXXX1213 HPCL PETROL PUMP,,2748.90,,824867.02
04 Jun 2025,04 Jun 2025,ACH DR LITTLE SCHOLARS DAYCARE MONTHLY FEE,,18500.00,,806367.02
04 Jun 2025,04 Jun 2025,UPI/505089739587/SWIGGY FOOD ORDER/HDFC,,924.20,,805442.82
05 Jun 2025,05 Jun 2025,ACH DR HDFC BANK HOME LOAN EMI JUN25,,38000.00,,767442.82
05 Jun 2025,05 Jun 2025,UPI/AUTOPAY/AIRTEL BROADBAND BILL/AIRT,,1395.00,,766047.82
06 Jun 2025,06 Jun 2025,UPI/116942794750/ZERODHA BROKING MF SIP/ZERO,,35000.00,,731047.82
07 Jun 2025,07 Jun 2025,ACH DR NETFLIX ENTERTAINMENT SVC,,810.00,,730237.82
07 Jun 2025,07 Jun 2025,POS 4517XXXXXXXX3389 MCDONALDS INDIA PVT,,465.00,,729772.82
07 Jun 2025,07 Jun 2025,POS 4861XXXXXXXX9843 IKEA INDIA PVT LTD,,12663.48,,717109.34
07 Jun 2025,07 Jun 2025,UPI/165810319141/UBER INDIA SYSTEMS/HDFC,,795.81,,716313.53
08 Jun 2025,08 Jun 2025,POS 4642XXXXXXXX3506 PVR CINEMAS LTD,,1490.81,,714822.72
08 Jun 2025,08 Jun 2025,UPI/104266824188/RAPIDO BIKE TAXI/YESB,,348.84,,714473.88
08 Jun 2025,08 Jun 2025,UPI/295729092084/WOW MOMO FOODS/AXIS,,952.53,,713521.35
08 Jun 2025,08 Jun 2025,UPI/740428495618/NYKAA ECOMM/ICIC,,3657.63,,709863.72
08 Jun 2025,08 Jun 2025,UPI/AUTOPAY/BESCOM ELECTRICITY BILL/BESC,,3020.46,,706843.26
09 Jun 2025,09 Jun 2025,ACH DR HDFC ERGO HEALTH INSURANCE PREM,,2450.00,,704393.26
09 Jun 2025,09 Jun 2025,POS 5333XXXXXXXX6319 THIRD WAVE COFFEE,,283.54,,704109.72
10 Jun 2025,10 Jun 2025,UPI/802145615445/OLA CABS ANI TECH/PAYTM,,986.52,,703123.20
10 Jun 2025,10 Jun 2025,UPI/919468811114/WOW MOMO FOODS/AXIS,,376.31,,702746.89
11 Jun 2025,11 Jun 2025,ACH DR SPOTIFY INDIA PREMIUM,,185.00,,702561.89
11 Jun 2025,11 Jun 2025,POS 4220XXXXXXXX2234 DECATHLON SPORTS INDIA,,1777.90,,700783.99
11 Jun 2025,11 Jun 2025,UPI/919429452382/NAMMA YATRI/AXIS,,411.36,,700372.63
12 Jun 2025,12 Jun 2025,UPI/760624718286/MAHANAGAR GAS BILL PAY/MGAS,,1067.87,,699304.76
13 Jun 2025,13 Jun 2025,POS 4899XXXXXXXX5746 AMAZON SELLER SERVICES,,1588.85,,697715.91
13 Jun 2025,13 Jun 2025,POS 5516XXXXXXXX4963 HPCL PETROL PUMP,,3671.42,,694044.49
14 Jun 2025,14 Jun 2025,POS 4090XXXXXXXX3528 THIRD WAVE COFFEE,,448.83,,693595.66
14 Jun 2025,14 Jun 2025,UPI/815566838586/RAPIDO BIKE TAXI/YESB,,179.10,,693416.56
14 Jun 2025,14 Jun 2025,UPI/AUTOPAY/JIO POSTPAID BILL/RJIO,,599.00,,692817.56
15 Jun 2025,15 Jun 2025,ATW-5583XXXXXXXX1751-HDFC BANK ATM CASH WITHDRAWAL,,10000.00,,682817.56
16 Jun 2025,16 Jun 2025,ACH DR ADOBE CREATIVE CLOUD,,2019.00,,680798.56
16 Jun 2025,16 Jun 2025,ATW-4126XXXXXXXX5401-HDFC BANK ATM CASH WITHDRAWAL,,5000.00,,675798.56
16 Jun 2025,16 Jun 2025,POS 5106XXXXXXXX6231 HPCL PETROL PUMP,,3960.60,,671837.96
17 Jun 2025,17 Jun 2025,UPI/824149720206/CRED CLUB CREDIT CARD BILL/AXIS,,11767.16,,660070.80
19 Jun 2025,19 Jun 2025,ACH DR GOOGLE ONE STORAGE,,242.00,,659828.80
19 Jun 2025,19 Jun 2025,UPI/811104770719/AMAZON SELLER SERV REFUND/HDFC,,,1991.94,661820.74
20 Jun 2025,20 Jun 2025,POS 5083XXXXXXXX7408 IKEA INDIA PVT LTD,,3685.53,,658135.21
20 Jun 2025,20 Jun 2025,POS 5244XXXXXXXX3536 IRCTC RAIL TICKET BOOKING,,1917.27,,656217.94
20 Jun 2025,20 Jun 2025,UPI/109534551142/DOMINOS PIZZA IND/ICIC,,1076.91,,655141.03
21 Jun 2025,21 Jun 2025,POS 5199XXXXXXXX8493 MCDONALDS INDIA PVT,,735.78,,654405.25
21 Jun 2025,21 Jun 2025,UPI/813586910937/LICIOUS MEAT DELIVERY/HDFC,,852.47,,653552.78
22 Jun 2025,22 Jun 2025,POS 5402XXXXXXXX1544 IRCTC RAIL TICKET BOOKING,,1984.69,,651568.09
22 Jun 2025,22 Jun 2025,UPI/902918283051/BLINKIT GROCERY/HDFC,,793.53,,650774.56
23 Jun 2025,23 Jun 2025,POS 5066XXXXXXXX2309 IRCTC RAIL TICKET BOOKING,,1708.90,,649065.66
26 Jun 2025,26 Jun 2025,UPI/787381572646/RAPIDO BIKE TAXI/YESB,,199.02,,648866.64
27 Jun 2025,27 Jun 2025,UPI/223890549192/UBER INDIA SYSTEMS/HDFC,,520.91,,648345.73
28 Jun 2025,28 Jun 2025,UPI/458783760915/DOMINOS PIZZA IND/ICIC,,1852.57,,646493.16
28 Jun 2025,28 Jun 2025,UPI/655155219708/COUNTRY DELIGHT MILK/AXIS,,797.36,,645695.80
30 Jun 2025,30 Jun 2025,UPI/858238489186/ZOMATO ONLINE ORDER/YESB,,372.33,,645323.47
01 Jul 2025,01 Jul 2025,ATM CASH WDL CHARGE EXCEEDING FREE LIMIT INCL GST,,25.96,,645297.51
01 Jul 2025,01 Jul 2025,NEFT CR-ICIC0000456-NORTHSTAR ANALYTICS LLP-SALARY JUL25,,,310100.15,955397.66
01 Jul 2025,01 Jul 2025,POS 4613XXXXXXXX8083 HPCL PETROL PUMP,,5661.22,,949736.44
02 Jul 2025,02 Jul 2025,UPI/394430748330/NOBROKER PAY RENT LANDLORD/HDFC,,52000.00,,897736.44
03 Jul 2025,03 Jul 2025,POS 4252XXXXXXXX1361 LAKME SALON,,2440.22,,895296.22
03 Jul 2025,03 Jul 2025,POS 4818XXXXXXXX5416 HPCL PETROL PUMP,,4977.39,,890318.83
04 Jul 2025,04 Jul 2025,ACH DR LITTLE SCHOLARS DAYCARE MONTHLY FEE,,18500.00,,871818.83
04 Jul 2025,04 Jul 2025,POS 4944XXXXXXXX8730 CHAAYOS TEA CAFE,,503.41,,871315.42
04 Jul 2025,04 Jul 2025,UPI/597723394982/UBER INDIA SYSTEMS/HDFC,,894.93,,870420.49
05 Jul 2025,05 Jul 2025,ACH DR HDFC BANK HOME LOAN EMI JUL25,,38000.00,,832420.49
05 Jul 2025,05 Jul 2025,UPI/921537112624/PAYTM FASTAG RECHARGE/PYTM,,769.86,,831650.63
05 Jul 2025,05 Jul 2025,UPI/AUTOPAY/AIRTEL BROADBAND BILL/AIRT,,1395.00,,830255.63
06 Jul 2025,06 Jul 2025,UPI/373167503635/BLINKIT GROCERY/HDFC,,1046.34,,829209.29
06 Jul 2025,06 Jul 2025,UPI/624665174649/ZERODHA BROKING MF SIP/ZERO,,35000.00,,794209.29
06 Jul 2025,06 Jul 2025,UPI/867130928639/PAYTM FASTAG RECHARGE/PYTM,,779.99,,793429.30
06 Jul 2025,06 Jul 2025,UPI/990517717656/DOMINOS PIZZA IND/ICIC,,1163.25,,792266.05
07 Jul 2025,07 Jul 2025,ACH DR NETFLIX ENTERTAINMENT SVC,,810.00,,791456.05
07 Jul 2025,07 Jul 2025,UPI/322196410530/PAYTM FASTAG RECHARGE/PYTM,,970.00,,790486.05
08 Jul 2025,08 Jul 2025,UPI/AUTOPAY/BESCOM ELECTRICITY BILL/BESC,,4274.49,,786211.56
09 Jul 2025,09 Jul 2025,ACH DR HDFC ERGO HEALTH INSURANCE PREM,,2450.00,,783761.56
09 Jul 2025,09 Jul 2025,ATW-5599XXXXXXXX9182-HDFC BANK ATM CASH WITHDRAWAL,,10000.00,,773761.56
09 Jul 2025,09 Jul 2025,POS 4784XXXXXXXX8219 PRACTO CONSULT,,1207.32,,772554.24
09 Jul 2025,09 Jul 2025,POS 5588XXXXXXXX9237 DMART AVENUE SUPERMARTS,,5876.01,,766678.23
10 Jul 2025,10 Jul 2025,NEFT DR-GREENWOOD HIGH SCHOOL-TERM FEE,,46000.00,,720678.23
10 Jul 2025,10 Jul 2025,UPI/943328863036/ZEPTO NOW/YESB,,766.82,,719911.41
11 Jul 2025,11 Jul 2025,ACH DR SPOTIFY INDIA PREMIUM,,185.00,,719726.41
11 Jul 2025,11 Jul 2025,POS 4327XXXXXXXX3054 HPCL PETROL PUMP,,3006.29,,716720.12
11 Jul 2025,11 Jul 2025,POS 5590XXXXXXXX1533 CHAAYOS TEA CAFE,,453.48,,716266.64
12 Jul 2025,12 Jul 2025,ATW-5563XXXXXXXX7552-HDFC BANK ATM CASH WITHDRAWAL,,10000.00,,706266.64
12 Jul 2025,12 Jul 2025,UPI/422225190038/MAHANAGAR GAS BILL PAY/MGAS,,958.08,,705308.56
12 Jul 2025,12 Jul 2025,UPI/661941005488/WOW MOMO FOODS/AXIS,,600.29,,704708.27
13 Jul 2025,13 Jul 2025,POS 4694XXXXXXXX6892 CULT FIT FITNESS,,2712.30,,701995.97
13 Jul 2025,13 Jul 2025,UPI/420072497138/DOMINOS PIZZA IND/ICIC,,1397.13,,700598.84
14 Jul 2025,14 Jul 2025,UPI/300086290188/NYKAA ECOMM/ICIC,,850.77,,699748.07
14 Jul 2025,14 Jul 2025,UPI/AUTOPAY/JIO POSTPAID BILL/RJIO,,737.00,,699011.07
16 Jul 2025,16 Jul 2025,ACH DR ADOBE CREATIVE CLOUD,,2019.00,,696992.07
16 Jul 2025,16 Jul 2025,UPI/997666224021/ZOMATO ONLINE ORDER/YESB,,1011.19,,695980.88
18 Jul 2025,18 Jul 2025,POS 5359XXXXXXXX4317 IKEA INDIA PVT LTD,,5666.24,,690314.64
18 Jul 2025,18 Jul 2025,UPI/654814171105/UBER INDIA SYSTEMS/HDFC,,824.76,,689489.88
19 Jul 2025,19 Jul 2025,ACH DR GOOGLE ONE STORAGE,,242.00,,689247.88
19 Jul 2025,19 Jul 2025,POS 4350XXXXXXXX3777 THIRD WAVE COFFEE,,563.08,,688684.80
19 Jul 2025,19 Jul 2025,POS 4377XXXXXXXX1319 DMART AVENUE SUPERMARTS,,2293.59,,686391.21
19 Jul 2025,19 Jul 2025,UPI/980588731254/PAYTM FASTAG RECHARGE/PYTM,,961.52,,685429.69
20 Jul 2025,20 Jul 2025,POS 4874XXXXXXXX6057 HPCL PETROL PUMP,,2053.65,,683376.04
20 Jul 2025,20 Jul 2025,POS 5183XXXXXXXX3716 STARBUCKS COFFEE INDIA,,744.50,,682631.54
21 Jul 2025,21 Jul 2025,POS 4694XXXXXXXX8756 IKEA INDIA PVT LTD,,13357.37,,669274.17
21 Jul 2025,21 Jul 2025,POS 5356XXXXXXXX2618 IRCTC RAIL TICKET BOOKING,,3736.91,,665537.26
21 Jul 2025,21 Jul 2025,UPI/445305388189/BARBEQUE NATION HOSP/HDFC,,4465.29,,661071.97
23 Jul 2025,23 Jul 2025,POS 4570XXXXXXXX3914 CHAAYOS TEA CAFE,,249.02,,660822.95
24 Jul 2025,24 Jul 2025,UPI/770825799931/ZEPTO NOW/YESB,,530.70,,660292.25
25 Jul 2025,25 Jul 2025,SMS ALERT CHARGES INCL GST,,23.60,,660268.65
26 Jul 2025,26 Jul 2025,UPI/426448007917/PAYTM FASTAG RECHARGE/PYTM,,736.90,,659531.75
26 Jul 2025,26 Jul 2025,UPI/863897227139/BLINKIT GROCERY/HDFC,,457.65,,659074.10
27 Jul 2025,27 Jul 2025,UPI/728128568227/DOMINOS PIZZA IND/ICIC,,1367.81,,657706.29
28 Jul 2025,28 Jul 2025,POS 5164XXXXXXXX3608 IRCTC RAIL TICKET BOOKING,,2211.89,,655494.40
29 Jul 2025,29 Jul 2025,POS 4639XXXXXXXX5894 IRCTC RAIL TICKET BOOKING,,1620.01,,653874.39
30 Jul 2025,30 Jul 2025,UPI/789273345653/BEHROUZ BIRYANI/PAYTM,,1412.38,,652462.01
31 Jul 2025,31 Jul 2025,POS 5351XXXXXXXX7073 IKEA INDIA PVT LTD,,12102.59,,640359.42
01 Aug 2025,01 Aug 2025,NEFT CR-ICIC0000456-NORTHSTAR ANALYTICS LLP-SALARY AUG25,,,308715.72,949075.14
01 Aug 2025,01 Aug 2025,UPI/427456009348/BIGBASKET SUPERMKT/ICIC,,3073.98,,946001.16
02 Aug 2025,02 Aug 2025,UPI/841871803092/NOBROKER PAY RENT LANDLORD/HDFC,,52000.00,,894001.16
03 Aug 2025,03 Aug 2025,UPI/773371555366/DOMINOS PIZZA IND/ICIC,,1612.84,,892388.32
04 Aug 2025,04 Aug 2025,ACH DR LITTLE SCHOLARS DAYCARE MONTHLY FEE,,18500.00,,873888.32
05 Aug 2025,05 Aug 2025,ACH DR HDFC BANK HOME LOAN EMI AUG25,,38000.00,,835888.32
05 Aug 2025,05 Aug 2025,POS 5299XXXXXXXX7331 CHAAYOS TEA CAFE,,242.77,,835645.55
05 Aug 2025,05 Aug 2025,UPI/AUTOPAY/AIRTEL BROADBAND BILL/AIRT,,1395.00,,834250.55
06 Aug 2025,06 Aug 2025,UPI/598317564346/ZERODHA BROKING MF SIP/ZERO,,35000.00,,799250.55
07 Aug 2025,07 Aug 2025,ACH DR NETFLIX ENTERTAINMENT SVC,,810.00,,798440.55
08 Aug 2025,08 Aug 2025,UPI/604760645440/BEHROUZ BIRYANI/PAYTM,,713.03,,797727.52
08 Aug 2025,08 Aug 2025,UPI/AUTOPAY/BESCOM ELECTRICITY BILL/BESC,,2222.87,,795504.65
09 Aug 2025,09 Aug 2025,ACH DR HDFC ERGO HEALTH INSURANCE PREM,,2450.00,,793054.65
09 Aug 2025,09 Aug 2025,POS 4519XXXXXXXX8525 CHAAYOS TEA CAFE,,578.50,,792476.15
09 Aug 2025,09 Aug 2025,UPI/793257348867/BIGBASKET SUPERMKT/ICIC,,2981.46,,789494.69
10 Aug 2025,10 Aug 2025,POS 4959XXXXXXXX2503 CHAAYOS TEA CAFE,,438.13,,789056.56
11 Aug 2025,11 Aug 2025,ACH DR SPOTIFY INDIA PREMIUM,,185.00,,788871.56
11 Aug 2025,11 Aug 2025,UPI/208107334065/URBAN COMPANY SALON/HDFC,,2108.96,,786762.60
12 Aug 2025,12 Aug 2025,POS 4434XXXXXXXX4737 IRCTC RAIL TICKET BOOKING,,1275.47,,785487.13
12 Aug 2025,12 Aug 2025,POS 4591XXXXXXXX3323 STARBUCKS COFFEE INDIA,,444.79,,785042.34
12 Aug 2025,12 Aug 2025,UPI/389420891135/MAHANAGAR GAS BILL PAY/MGAS,,992.54,,784049.80
12 Aug 2025,12 Aug 2025,UPI/506025688976/URBAN COMPANY SALON/HDFC,,997.98,,783051.82
13 Aug 2025,13 Aug 2025,ATW-4032XXXXXXXX8613-HDFC BANK ATM CASH WITHDRAWAL,,10000.00,,773051.82
13 Aug 2025,13 Aug 2025,UPI/625246222940/DOMINOS PIZZA IND/ICIC,,1403.55,,771648.27
14 Aug 2025,14 Aug 2025,POS 4826XXXXXXXX1762 STARBUCKS COFFEE INDIA,,542.45,,771105.82
14 Aug 2025,14 Aug 2025,UPI/AUTOPAY/JIO POSTPAID BILL/RJIO,,737.00,,770368.82
15 Aug 2025,15 Aug 2025,UPI/287542630348/FLIPKART INTERNET/HDFC,,6709.89,,763658.93
16 Aug 2025,16 Aug 2025,ACH DR ADOBE CREATIVE CLOUD,,2019.00,,761639.93
17 Aug 2025,17 Aug 2025,POS 5395XXXXXXXX6415 THIRD WAVE COFFEE,,742.26,,760897.67
18 Aug 2025,18 Aug 2025,UPI/670073539675/BEHROUZ BIRYANI/PAYTM,,1089.09,,759808.58
18 Aug 2025,18 Aug 2025,UPI/823866937224/CRED CLUB CREDIT CARD BILL/AXIS,,10749.59,,749058.99
19 Aug 2025,19 Aug 2025,ACH DR GOOGLE ONE STORAGE,,242.00,,748816.99
20 Aug 2025,20 Aug 2025,UPI/939683891254/BEHROUZ BIRYANI/PAYTM,,1604.55,,747212.44
22 Aug 2025,22 Aug 2025,UPI/294777805852/WOW MOMO FOODS/AXIS,,495.76,,746716.68
23 Aug 2025,23 Aug 2025,UPI/810648698293/SWIGGY FOOD ORDER/HDFC,,870.13,,745846.55
26 Aug 2025,26 Aug 2025,IMPS DR-694953336-SELF TRANSFER TO SAVINGS AC,,69398.64,,676447.91
26 Aug 2025,26 Aug 2025,POS 5175XXXXXXXX8733 CHAAYOS TEA CAFE,,372.68,,676075.23
27 Aug 2025,27 Aug 2025,UPI/573922337498/UBER INDIA SYSTEMS/HDFC,,248.96,,675826.27
29 Aug 2025,29 Aug 2025,POS 4679XXXXXXXX9978 MCDONALDS INDIA PVT,,535.47,,675290.80
29 Aug 2025,29 Aug 2025,UPI/298693335108/LICIOUS MEAT DELIVERY/HDFC,,1289.54,,674001.26
29 Aug 2025,29 Aug 2025,UPI/669864929680/NAMMA YATRI/AXIS,,233.59,,673767.67
29 Aug 2025,29 Aug 2025,UPI/748827128859/APOLLO PHARMACY/HDFC,,1824.92,,671942.75
30 Aug 2025,30 Aug 2025,POS 4313XXXXXXXX1896 THIRD WAVE COFFEE,,738.95,,671203.80
31 Aug 2025,31 Aug 2025,UPI/103485075014/ZOMATO ONLINE ORDER/YESB,,1184.78,,670019.02
01 Sep 2025,01 Sep 2025,NEFT CR-ICIC0000456-NORTHSTAR ANALYTICS LLP-SALARY SEP25,,,334360.49,1004379.51
01 Sep 2025,01 Sep 2025,POS 4387XXXXXXXX6520 IRCTC RAIL TICKET BOOKING,,2234.91,,1002144.60
01 Sep 2025,01 Sep 2025,UPI/167448741893/LICIOUS MEAT DELIVERY/HDFC,,1067.99,,1001076.61
01 Sep 2025,01 Sep 2025,UPI/992755442605/FLIPKART INTERNET/HDFC,,6615.40,,994461.21
02 Sep 2025,02 Sep 2025,POS 5235XXXXXXXX9540 HPCL PETROL PUMP,,3872.33,,990588.88
02 Sep 2025,02 Sep 2025,UPI/875520816707/PHARMEASY ONLINE/ICIC,,1613.00,,988975.88
02 Sep 2025,02 Sep 2025,UPI/982586825772/NOBROKER PAY RENT LANDLORD/HDFC,,52000.00,,936975.88
03 Sep 2025,03 Sep 2025,UPI/474912448138/NYKAA ECOMM/ICIC,,3735.95,,933239.93
03 Sep 2025,03 Sep 2025,UPI/607351849774/UBER INDIA SYSTEMS/HDFC,,954.18,,932285.75
04 Sep 2025,04 Sep 2025,ACH DR LITTLE SCHOLARS DAYCARE MONTHLY FEE,,18500.00,,913785.75
05 Sep 2025,05 Sep 2025,ACH DR HDFC BANK HOME LOAN EMI SEP25,,38000.00,,875785.75
05 Sep 2025,05 Sep 2025,UPI/579540920462/BEHROUZ BIRYANI/PAYTM,,934.32,,874851.43
05 Sep 2025,05 Sep 2025,UPI/AUTOPAY/AIRTEL BROADBAND BILL/AIRT,,1395.00,,873456.43
06 Sep 2025,06 Sep 2025,POS 4862XXXXXXXX9403 PVR CINEMAS LTD,,1746.65,,871709.78
06 Sep 2025,06 Sep 2025,UPI/251532497913/BEHROUZ BIRYANI/PAYTM,,1719.03,,869990.75
06 Sep 2025,06 Sep 2025,UPI/320173331820/COUNTRY DELIGHT MILK/AXIS,,824.77,,869165.98
06 Sep 2025,06 Sep 2025,UPI/376416769737/NAMMA YATRI/AXIS,,364.83,,868801.15
06 Sep 2025,06 Sep 2025,UPI/812031607372/ZERODHA BROKING MF SIP/ZERO,,35000.00,,833801.15
07 Sep 2025,07 Sep 2025,ACH DR NETFLIX ENTERTAINMENT SVC,,810.00,,832991.15
07 Sep 2025,07 Sep 2025,UPI/344588148921/WOW MOMO FOODS/AXIS,,931.00,,832060.15
07 Sep 2025,07 Sep 2025,UPI/354663569793/UBER INDIA SYSTEMS/HDFC,,352.39,,831707.76
07 Sep 2025,07 Sep 2025,UPI/580295255818/BOOKMYSHOW TICKETS/HDFC,,2061.66,,829646.10
08 Sep 2025,08 Sep 2025,POS 4029XXXXXXXX2647 STARBUCKS COFFEE INDIA,,533.37,,829112.73
08 Sep 2025,08 Sep 2025,UPI/AUTOPAY/BESCOM ELECTRICITY BILL/BESC,,4526.12,,824586.61
09 Sep 2025,09 Sep 2025,ACH DR HDFC ERGO HEALTH INSURANCE PREM,,2450.00,,822136.61
09 Sep 2025,09 Sep 2025,UPI/504720234326/PAYTM FASTAG RECHARGE/PYTM,,880.02,,821256.59
10 Sep 2025,10 Sep 2025,UPI/834418706307/OLA CABS ANI TECH/PAYTM,,1092.70,,820163.89
11 Sep 2025,11 Sep 2025,ACH DR SPOTIFY INDIA PREMIUM,,206.00,,819957.89
12 Sep 2025,12 Sep 2025,UPI/479505849910/MAHANAGAR GAS BILL PAY/MGAS,,716.70,,819241.19
13 Sep 2025,13 Sep 2025,POS 4512XXXXXXXX2910 THIRD WAVE COFFEE,,800.04,,818441.15
13 Sep 2025,13 Sep 2025,POS 4866XXXXXXXX8013 DMART AVENUE SUPERMARTS,,4976.30,,813464.85
14 Sep 2025,14 Sep 2025,ATW-4755XXXXXXXX7171-HDFC BANK ATM CASH WITHDRAWAL,,3000.00,,810464.85
14 Sep 2025,14 Sep 2025,UPI/AUTOPAY/JIO POSTPAID BILL/RJIO,,737.00,,809727.85
15 Sep 2025,15 Sep 2025,POS 4141XXXXXXXX4016 MYNTRA DESIGNS PVT LTD,,6155.62,,803572.23
15 Sep 2025,15 Sep 2025,UPI/454231650136/PAYTM FASTAG RECHARGE/PYTM,,1134.18,,802438.05
16 Sep 2025,16 Sep 2025,ACH DR ADOBE CREATIVE CLOUD,,2019.00,,800419.05
16 Sep 2025,16 Sep 2025,UPI/269707923467/UBER INDIA SYSTEMS/HDFC,,635.28,,799783.77
19 Sep 2025,19 Sep 2025,ACH DR GOOGLE ONE STORAGE,,242.00,,799541.77
19 Sep 2025,19 Sep 2025,POS 5464XXXXXXXX2847 MCDONALDS INDIA PVT,,862.82,,798678.95
19 Sep 2025,19 Sep 2025,UPI/510570052869/PAYTM FASTAG RECHARGE/PYTM,,1174.94,,797504.01
20 Sep 2025,20 Sep 2025,POS 4601XXXXXXXX5364 MCDONALDS INDIA PVT,,551.14,,796952.87
20 Sep 2025,20 Sep 2025,POS 4676XXXXXXXX7891 DMART AVENUE SUPERMARTS,,5480.09,,791472.78
20 Sep 2025,20 Sep 2025,UPI/743982247985/CRED CLUB CREDIT CARD BILL/AXIS,,14071.70,,777401.08
21 Sep 2025,21 Sep 2025,POS 4496XXXXXXXX7834 CHAAYOS TEA CAFE,,546.84,,776854.24
21 Sep 2025,21 Sep 2025,POS 4624XXXXXXXX5682 CULT FIT FITNESS,,3066.61,,773787.63
22 Sep 2025,22 Sep 2025,UPI/713243492390/URBAN COMPANY SALON/HDFC,,1446.88,,772340.75
23 Sep 2025,23 Sep 2025,UPI/550863184426/DOMINOS PIZZA IND/ICIC,,1028.86,,771311.89
24 Sep 2025,24 Sep 2025,UPI/625780377193/BEHROUZ BIRYANI/PAYTM,,726.71,,770585.18
26 Sep 2025,26 Sep 2025,IMPS DR-338438390-SELF TRANSFER TO SAVINGS AC,,52724.70,,717860.48
27 Sep 2025,27 Sep 2025,POS 4997XXXXXXXX4706 CHAAYOS TEA CAFE,,467.10,,717393.38
27 Sep 2025,27 Sep 2025,UPI/759530057060/COUNTRY DELIGHT MILK/AXIS,,844.00,,716549.38
28 Sep 2025,28 Sep 2025,UPI/548056839944/DOMINOS PIZZA IND/ICIC,,707.62,,715841.76
28 Sep 2025,28 Sep 2025,UPI/616079692257/LICIOUS MEAT DELIVERY/HDFC,,1863.05,,713978.71
29 Sep 2025,29 Sep 2025,POS 5198XXXXXXXX3592 HPCL PETROL PUMP,,4733.62,,709245.09
30 Sep 2025,30 Sep 2025,POS 4190XXXXXXXX4089 THIRD WAVE COFFEE,,287.37,,708957.72
01 Oct 2025,01 Oct 2025,NEFT CR-ICIC0000456-NORTHSTAR ANALYTICS LLP-SALARY OCT25,,,334978.86,1043936.58
02 Oct 2025,02 Oct 2025,UPI/993320444994/NOBROKER PAY RENT LANDLORD/HDFC,,52000.00,,991936.58
03 Oct 2025,03 Oct 2025,UPI/126772702431/NAMMA YATRI/AXIS,,344.64,,991591.94
04 Oct 2025,04 Oct 2025,ACH DR LITTLE SCHOLARS DAYCARE MONTHLY FEE,,18500.00,,973091.94
04 Oct 2025,04 Oct 2025,POS 4534XXXXXXXX5240 PRACTO CONSULT,,1211.10,,971880.84
04 Oct 2025,04 Oct 2025,UPI/454657649402/LICIOUS MEAT DELIVERY/HDFC,,2348.98,,969531.86
04 Oct 2025,04 Oct 2025,UPI/893575273740/SWIGGY FOOD ORDER/HDFC,,877.24,,968654.62
05 Oct 2025,05 Oct 2025,ACH DR HDFC BANK HOME LOAN EMI OCT25,,38000.00,,930654.62
05 Oct 2025,05 Oct 2025,POS 4149XXXXXXXX9798 STARBUCKS COFFEE INDIA,,776.12,,929878.50
05 Oct 2025,05 Oct 2025,UPI/AUTOPAY/AIRTEL BROADBAND BILL/AIRT,,1395.00,,928483.50
06 Oct 2025,06 Oct 2025,UPI/811542667365/ZERODHA BROKING MF SIP/ZERO,,35000.00,,893483.50
07 Oct 2025,07 Oct 2025,ACH DR NETFLIX ENTERTAINMENT SVC,,810.00,,892673.50
08 Oct 2025,08 Oct 2025,UPI/269761025025/BARBEQUE NATION HOSP/HDFC,,3179.46,,889494.04
08 Oct 2025,08 Oct 2025,UPI/AUTOPAY/BESCOM ELECTRICITY BILL/BESC,,2795.73,,886698.31
09 Oct 2025,09 Oct 2025,ACH DR HDFC ERGO HEALTH INSURANCE PREM,,2450.00,,884248.31
09 Oct 2025,09 Oct 2025,POS 4889XXXXXXXX7427 IRCTC RAIL TICKET BOOKING,,3045.35,,881202.96
09 Oct 2025,09 Oct 2025,UPI/335453630320/ZOMATO ONLINE ORDER/YESB,,1168.79,,880034.17
10 Oct 2025,10 Oct 2025,NEFT DR-GREENWOOD HIGH SCHOOL-TERM FEE,,46000.00,,834034.17
10 Oct 2025,10 Oct 2025,UPI/867403462389/SWIGGY FOOD ORDER/HDFC,,774.88,,833259.29
11 Oct 2025,11 Oct 2025,ACH DR SPOTIFY INDIA PREMIUM,,206.00,,833053.29
11 Oct 2025,11 Oct 2025,POS 5234XXXXXXXX1351 IKEA INDIA PVT LTD,,14995.07,,818058.22
11 Oct 2025,11 Oct 2025,UPI/234780183770/DOMINOS PIZZA IND/ICIC,,1625.84,,816432.38
11 Oct 2025,11 Oct 2025,UPI/433425144790/PAYTM FASTAG RECHARGE/PYTM,,1029.49,,815402.89
12 Oct 2025,12 Oct 2025,POS 4867XXXXXXXX5082 MYNTRA DESIGNS PVT LTD,,8950.86,,806452.03
12 Oct 2025,12 Oct 2025,POS 5025XXXXXXXX9133 IRCTC RAIL TICKET BOOKING,,852.46,,805599.57
12 Oct 2025,12 Oct 2025,UPI/229214702620/MAHANAGAR GAS BILL PAY/MGAS,,694.68,,804904.89
12 Oct 2025,12 Oct 2025,UPI/391546059283/BOOKMYSHOW TICKETS/HDFC,,1720.57,,803184.32
13 Oct 2025,13 Oct 2025,UPI/356836110068/SWIGGY FOOD ORDER/HDFC,,1098.14,,802086.18
13 Oct 2025,13 Oct 2025,UPI/991016312158/UBER INDIA SYSTEMS/HDFC,,596.60,,801489.58
14 Oct 2025,14 Oct 2025,UPI/AUTOPAY/JIO POSTPAID BILL/RJIO,,737.00,,800752.58
16 Oct 2025,16 Oct 2025,ACH DR ADOBE CREATIVE CLOUD,,2019.00,,798733.58
18 Oct 2025,18 Oct 2025,POS 4671XXXXXXXX7011 AMAZON SELLER SERVICES,,10889.86,,787843.72
18 Oct 2025,18 Oct 2025,UPI/511667451757/BEHROUZ BIRYANI/PAYTM,,1387.15,,786456.57
19 Oct 2025,19 Oct 2025,ACH DR GOOGLE ONE STORAGE,,242.00,,786214.57
19 Oct 2025,19 Oct 2025,UPI/436524824877/RAPIDO BIKE TAXI/YESB,,253.23,,785961.34
20 Oct 2025,20 Oct 2025,NEFT DR-DR MEHTA MULTISPECIALITY-MEDICAL PROCEDURE,,72000.00,,713961.34
20 Oct 2025,20 Oct 2025,UPI/320748742383/NYKAA ECOMM/ICIC,,1470.46,,712490.88
21 Oct 2025,21 Oct 2025,UPI/328952310437/DOMINOS PIZZA IND/ICIC,,1346.53,,711144.35
22 Oct 2025,22 Oct 2025,POS 5448XXXXXXXX3643 TANISHQ JEWELLERY DIWALI,,27772.28,,683372.07
22 Oct 2025,22 Oct 2025,UPI/188253236103/RAPIDO BIKE TAXI/YESB,,82.21,,683289.86
23 Oct 2025,23 Oct 2025,POS 4018XXXXXXXX8061 IKEA INDIA PVT LTD,,4320.47,,678969.39
24 Oct 2025,24 Oct 2025,ATW-4045XXXXXXXX7567-HDFC BANK ATM CASH WITHDRAWAL,,2000.00,,676969.39
24 Oct 2025,24 Oct 2025,UPI/834302564447/APOLLO PHARMACY/HDFC,,2164.45,,674804.94
25 Oct 2025,25 Oct 2025,POS 4578XXXXXXXX3189 THIRD WAVE COFFEE,,445.33,,674359.61
25 Oct 2025,25 Oct 2025,UPI/474576816282/BLINKIT GROCERY/HDFC,,462.62,,673896.99
29 Oct 2025,29 Oct 2025,UPI/188107906489/BARBEQUE NATION HOSP/HDFC,,3235.51,,670661.48
31 Oct 2025,31 Oct 2025,POS 4717XXXXXXXX2770 MCDONALDS INDIA PVT,,897.61,,669763.87
01 Nov 2025,01 Nov 2025,NEFT CR-ICIC0000456-NORTHSTAR ANALYTICS LLP-SALARY NOV25,,,335042.63,1004806.50
02 Nov 2025,02 Nov 2025,POS 4526XXXXXXXX5594 CHAAYOS TEA CAFE,,709.17,,1004097.33
02 Nov 2025,02 Nov 2025,UPI/755892969529/NOBROKER PAY RENT LANDLORD/HDFC,,52000.00,,952097.33
03 Nov 2025,03 Nov 2025,POS 4162XXXXXXXX8373 CULT FIT FITNESS,,3367.22,,948730.11
03 Nov 2025,03 Nov 2025,POS 4974XXXXXXXX1150 DECATHLON SPORTS INDIA,,5620.09,,943110.02
04 Nov 2025,04 Nov 2025,ACH DR LITTLE SCHOLARS DAYCARE MONTHLY FEE,,18500.00,,924610.02
04 Nov 2025,04 Nov 2025,POS 4399XXXXXXXX8486 IRCTC RAIL TICKET BOOKING,,1585.37,,923024.65
04 Nov 2025,04 Nov 2025,POS 4871XXXXXXXX6220 STARBUCKS COFFEE INDIA,,796.04,,922228.61
05 Nov 2025,05 Nov 2025,ACH DR HDFC BANK HOME LOAN EMI NOV25,,38000.00,,884228.61
05 Nov 2025,05 Nov 2025,UPI/290989267040/BARBEQUE NATION HOSP/HDFC,,2068.98,,882159.63
05 Nov 2025,05 Nov 2025,UPI/AUTOPAY/AIRTEL BROADBAND BILL/AIRT,,1395.00,,880764.63
06 Nov 2025,06 Nov 2025,UPI/807608769933/COUNTRY DELIGHT MILK/AXIS,,1125.80,,879638.83
06 Nov 2025,06 Nov 2025,UPI/808357332553/ZERODHA BROKING MF SIP/ZERO,,35000.00,,844638.83
07 Nov 2025,07 Nov 2025,ACH DR NETFLIX ENTERTAINMENT SVC,,810.00,,843828.83
08 Nov 2025,08 Nov 2025,POS 4226XXXXXXXX3020 MCDONALDS INDIA PVT,,1131.68,,842697.15
08 Nov 2025,08 Nov 2025,UPI/546656567591/OLA CABS ANI TECH/PAYTM,,248.04,,842449.11
08 Nov 2025,08 Nov 2025,UPI/AUTOPAY/BESCOM ELECTRICITY BILL/BESC,,4446.69,,838002.42
09 Nov 2025,09 Nov 2025,ACH DR HDFC ERGO HEALTH INSURANCE PREM,,2450.00,,835552.42
09 Nov 2025,09 Nov 2025,POS 4310XXXXXXXX9611 STARBUCKS COFFEE INDIA,,774.17,,834778.25
09 Nov 2025,09 Nov 2025,UPI/267692091116/LICIOUS MEAT DELIVERY/HDFC,,2277.53,,832500.72
10 Nov 2025,10 Nov 2025,UPI/902298400041/BEHROUZ BIRYANI/PAYTM,,1088.28,,831412.44
10 Nov 2025,10 Nov 2025,UPI/956752579056/RAPIDO BIKE TAXI/YESB,,103.45,,831308.99
11 Nov 2025,11 Nov 2025,ACH DR SPOTIFY INDIA PREMIUM,,206.00,,831102.99
11 Nov 2025,11 Nov 2025,POS 5047XXXXXXXX9802 CHAAYOS TEA CAFE,,498.05,,830604.94
12 Nov 2025,12 Nov 2025,UPI/234755853043/MAHANAGAR GAS BILL PAY/MGAS,,929.27,,829675.67
12 Nov 2025,12 Nov 2025,UPI/967140824664/OLA CABS ANI TECH/PAYTM,,778.31,,828897.36
12 Nov 2025,12 Nov 2025,UPI/980348283460/COUNTRY DELIGHT MILK/AXIS,,1157.38,,827739.98
13 Nov 2025,13 Nov 2025,POS 4775XXXXXXXX3076 AMAZON SELLER SERVICES,,5915.25,,821824.73
13 Nov 2025,13 Nov 2025,UPI/117142639100/BEHROUZ BIRYANI/PAYTM,,664.96,,821159.77
14 Nov 2025,14 Nov 2025,UPI/646496872224/RAPIDO BIKE TAXI/YESB,,222.60,,820937.17
14 Nov 2025,14 Nov 2025,UPI/754269130067/BLINKIT GROCERY/HDFC,,1045.60,,819891.57
14 Nov 2025,14 Nov 2025,UPI/AUTOPAY/JIO POSTPAID BILL/RJIO,,737.00,,819154.57
15 Nov 2025,15 Nov 2025,UPI/776918700090/CRED CLUB CREDIT CARD BILL/AXIS,,11561.14,,807593.43
16 Nov 2025,16 Nov 2025,ACH DR ADOBE CREATIVE CLOUD,,2019.00,,805574.43
16 Nov 2025,16 Nov 2025,POS 5218XXXXXXXX5962 STARBUCKS COFFEE INDIA,,1037.10,,804537.33
16 Nov 2025,16 Nov 2025,UPI/848900741177/LICIOUS MEAT DELIVERY/HDFC,,2049.20,,802488.13
17 Nov 2025,17 Nov 2025,UPI/199379068252/BARBEQUE NATION HOSP/HDFC,,1922.43,,800565.70
17 Nov 2025,17 Nov 2025,UPI/653231540960/BLINKIT GROCERY/HDFC,,485.85,,800079.85
18 Nov 2025,18 Nov 2025,POS 4300XXXXXXXX2617 HPCL PETROL PUMP,,2853.95,,797225.90
18 Nov 2025,18 Nov 2025,UPI/634621964396/BEHROUZ BIRYANI/PAYTM,,1460.70,,795765.20
19 Nov 2025,19 Nov 2025,ACH DR GOOGLE ONE STORAGE,,242.00,,795523.20
20 Nov 2025,20 Nov 2025,POS 4584XXXXXXXX4037 AMAZON SELLER SERVICES,,2335.99,,793187.21
21 Nov 2025,21 Nov 2025,ATW-5361XXXXXXXX8132-HDFC BANK ATM CASH WITHDRAWAL,,3000.00,,790187.21
22 Nov 2025,22 Nov 2025,UPI/651924959643/ZOMATO ONLINE ORDER/YESB,,1413.13,,788774.08
24 Nov 2025,24 Nov 2025,UPI/461328410340/UBER INDIA SYSTEMS/HDFC,,941.01,,787833.07
26 Nov 2025,26 Nov 2025,POS 4007XXXXXXXX7051 CHAAYOS TEA CAFE,,229.05,,787604.02
26 Nov 2025,26 Nov 2025,UPI/131315116497/BLINKIT GROCERY/HDFC,,1129.03,,786474.99
27 Nov 2025,27 Nov 2025,UPI/207575274213/BARBEQUE NATION HOSP/HDFC,,4228.28,,782246.71
28 Nov 2025,28 Nov 2025,ATM CASH WDL CHARGE EXCEEDING FREE LIMIT INCL GST,,25.96,,782220.75
29 Nov 2025,29 Nov 2025,POS 4634XXXXXXXX1937 IRCTC RAIL TICKET BOOKING,,2256.50,,779964.25
29 Nov 2025,29 Nov 2025,POS 5552XXXXXXXX2040 CHAAYOS TEA CAFE,,577.31,,779386.94
30 Nov 2025,30 Nov 2025,UPI/855722471272/PHARMEASY ONLINE/ICIC,,1977.99,,777408.95
30 Nov 2025,30 Nov 2025,UPI/990021580706/NAMMA YATRI/AXIS,,412.26,,776996.69
01 Dec 2025,01 Dec 2025,NEFT CR-ICIC0000456-NORTHSTAR ANALYTICS LLP-SALARY DEC25,,,334449.94,1111446.63
01 Dec 2025,01 Dec 2025,POS 4748XXXXXXXX2956 CHAAYOS TEA CAFE,,566.82,,1110879.81
02 Dec 2025,02 Dec 2025,UPI/687864866299/PAYTM FASTAG RECHARGE/PYTM,,1326.42,,1109553.39
02 Dec 2025,02 Dec 2025,UPI/973027765923/NOBROKER PAY RENT LANDLORD/HDFC,,52000.00,,1057553.39
03 Dec 2025,03 Dec 2025,POS 4230XXXXXXXX5195 MCDONALDS INDIA PVT,,739.93,,1056813.46
03 Dec 2025,03 Dec 2025,UPI/607743869579/NYKAA ECOMM/ICIC,,4774.05,,1052039.41
04 Dec 2025,04 Dec 2025,ACH DR LITTLE SCHOLARS DAYCARE MONTHLY FEE,,18500.00,,1033539.41
05 Dec 2025,05 Dec 2025,ACH DR HDFC BANK HOME LOAN EMI DEC25,,38000.00,,995539.41
05 Dec 2025,05 Dec 2025,UPI/AUTOPAY/AIRTEL BROADBAND BILL/AIRT,,1395.00,,994144.41
06 Dec 2025,06 Dec 2025,POS 5203XXXXXXXX4091 PVR CINEMAS LTD,,1312.82,,992831.59
06 Dec 2025,06 Dec 2025,UPI/737193634387/ZERODHA BROKING MF SIP/ZERO,,35000.00,,957831.59
07 Dec 2025,07 Dec 2025,ACH DR NETFLIX ENTERTAINMENT SVC,,810.00,,957021.59
07 Dec 2025,07 Dec 2025,UPI/535441849508/BIGBASKET SUPERMKT/ICIC,,4738.30,,952283.29
07 Dec 2025,07 Dec 2025,UPI/612092362538/SWIGGY FOOD ORDER/HDFC,,944.86,,951338.43
07 Dec 2025,07 Dec 2025,UPI/890792312403/OLA CABS ANI TECH/PAYTM,,800.97,,950537.46
08 Dec 2025,08 Dec 2025,UPI/196254021402/URBAN COMPANY SALON/HDFC,,2042.53,,948494.93
08 Dec 2025,08 Dec 2025,UPI/AUTOPAY/BESCOM ELECTRICITY BILL/BESC,,2487.89,,946007.04
09 Dec 2025,09 Dec 2025,ACH DR HDFC ERGO HEALTH INSURANCE PREM,,2450.00,,943557.04
09 Dec 2025,09 Dec 2025,POS 4786XXXXXXXX8723 THIRD WAVE COFFEE,,495.23,,943061.81
09 Dec 2025,09 Dec 2025,UPI/272086939016/APOLLO PHARMACY/HDFC,,1995.42,,941066.39
10 Dec 2025,10 Dec 2025,POS 4028XXXXXXXX8111 THIRD WAVE COFFEE,,385.46,,940680.93
10 Dec 2025,10 Dec 2025,UPI/367246204599/UBER INDIA SYSTEMS/HDFC,,668.78,,940012.15
11 Dec 2025,11 Dec 2025,ACH DR SPOTIFY INDIA PREMIUM,,244.00,,939768.15
11 Dec 2025,11 Dec 2025,POS 4705XXXXXXXX3131 DECATHLON SPORTS INDIA,,8812.77,,930955.38
12 Dec 2025,12 Dec 2025,UPI/714383908358/MAHANAGAR GAS BILL PAY/MGAS,,784.98,,930170.40
13 Dec 2025,13 Dec 2025,UPI/454641389805/UBER INDIA SYSTEMS/HDFC,,672.72,,929497.68
14 Dec 2025,14 Dec 2025,UPI/245483852568/BEHROUZ BIRYANI/PAYTM,,1699.60,,927798.08
14 Dec 2025,14 Dec 2025,UPI/872310186684/NYKAA ECOMM/ICIC,,4143.85,,923654.23
14 Dec 2025,14 Dec 2025,UPI/AUTOPAY/JIO POSTPAID BILL/RJIO,,737.00,,922917.23
15 Dec 2025,15 Dec 2025,ATW-4506XXXXXXXX2060-HDFC BANK ATM CASH WITHDRAWAL,,10000.00,,912917.23
15 Dec 2025,15 Dec 2025,POS 4366XXXXXXXX8414 CULT FIT FITNESS,,2371.44,,910545.79
15 Dec 2025,15 Dec 2025,POS 5050XXXXXXXX3691 THIRD WAVE COFFEE,,396.27,,910149.52
15 Dec 2025,15 Dec 2025,UPI/319066804656/NAMMA YATRI/AXIS,,354.49,,909795.03
16 Dec 2025,16 Dec 2025,ACH DR ADOBE CREATIVE CLOUD,,2019.00,,907776.03
16 Dec 2025,16 Dec 2025,UPI/343097557136/WOW MOMO FOODS/AXIS,,308.09,,907467.94
17 Dec 2025,17 Dec 2025,POS 4043XXXXXXXX4179 THIRD WAVE COFFEE,,322.21,,907145.73
18 Dec 2025,18 Dec 2025,UPI/765917009910/SWIGGY FOOD ORDER/HDFC,,813.59,,906332.14
19 Dec 2025,19 Dec 2025,ACH DR GOOGLE ONE STORAGE,,242.00,,906090.14
19 Dec 2025,19 Dec 2025,UPI/337229952101/WOW MOMO FOODS/AXIS,,329.07,,905761.07
20 Dec 2025,20 Dec 2025,POS 4657XXXXXXXX9376 AMAZON SELLER SERVICES,,6208.42,,899552.65
20 Dec 2025,20 Dec 2025,UPI/291652845885/BOOKMYSHOW TICKETS/HDFC,,510.01,,899042.64
21 Dec 2025,21 Dec 2025,POS 5538XXXXXXXX2792 MCDONALDS INDIA PVT,,673.14,,898369.50
22 Dec 2025,22 Dec 2025,ACH DR AMAZON PRIME MEMBERSHIP,,1499.00,,896870.50
22 Dec 2025,22 Dec 2025,UPI/944131728865/PAYTM FASTAG RECHARGE/PYTM,,682.33,,896188.17
23 Dec 2025,23 Dec 2025,UPI/592133064335/URBAN COMPANY SALON/HDFC,,1802.46,,894385.71
24 Dec 2025,24 Dec 2025,UPI/961555138950/SWIGGY FOOD ORDER/HDFC,,1065.78,,893319.93
25 Dec 2025,25 Dec 2025,ATW-4682XXXXXXXX1439-HDFC BANK ATM CASH WITHDRAWAL,,2000.00,,891319.93
27 Dec 2025,27 Dec 2025,POS 5131XXXXXXXX6883 THIRD WAVE COFFEE,,638.47,,890681.46
27 Dec 2025,27 Dec 2025,UPI/152280451529/BOOKMYSHOW TICKETS/HDFC,,1259.85,,889421.61
27 Dec 2025,27 Dec 2025,UPI/730518968247/LICIOUS MEAT DELIVERY/HDFC,,2294.71,,887126.90
28 Dec 2025,28 Dec 2025,POS 4043XXXXXXXX4413 CHAAYOS TEA CAFE,,452.91,,886673.99
30 Dec 2025,30 Dec 2025,UPI/106519704052/BARBEQUE NATION HOSP/HDFC,,4480.14,,882193.85
01 Jan 2026,01 Jan 2026,NEFT CR-ICIC0000456-NORTHSTAR ANALYTICS LLP-SALARY JAN26,,,333904.70,1216098.55
01 Jan 2026,01 Jan 2026,POS 5065XXXXXXXX4968 AMAZON SELLER SERVICES,,4035.20,,1212063.35
01 Jan 2026,01 Jan 2026,UPI/592237569694/WOW MOMO FOODS/AXIS,,348.74,,1211714.61
02 Jan 2026,02 Jan 2026,UPI/174859985068/NOBROKER PAY RENT LANDLORD/HDFC,,52000.00,,1159714.61
02 Jan 2026,02 Jan 2026,UPI/226235403793/ZOMATO ONLINE ORDER/YESB,,681.87,,1159032.74
02 Jan 2026,02 Jan 2026,UPI/979845289828/NAMMA YATRI/AXIS,,504.19,,1158528.55
03 Jan 2026,03 Jan 2026,POS 5520XXXXXXXX9924 PVR CINEMAS LTD,,1396.85,,1157131.70
03 Jan 2026,03 Jan 2026,UPI/927737515875/NAMMA YATRI/AXIS,,510.60,,1156621.10
04 Jan 2026,04 Jan 2026,ACH DR LITTLE SCHOLARS DAYCARE MONTHLY FEE,,18500.00,,1138121.10
04 Jan 2026,04 Jan 2026,POS 4453XXXXXXXX8895 STARBUCKS COFFEE INDIA,,967.63,,1137153.47
04 Jan 2026,04 Jan 2026,UPI/878697754231/ZEPTO NOW/YESB,,786.31,,1136367.16
05 Jan 2026,05 Jan 2026,ACH DR HDFC BANK HOME LOAN EMI JAN26,,38000.00,,1098367.16
05 Jan 2026,05 Jan 2026,UPI/345106292248/BLINKIT GROCERY/HDFC,,2249.52,,1096117.64
05 Jan 2026,05 Jan 2026,UPI/AUTOPAY/AIRTEL BROADBAND BILL/AIRT,,1395.00,,1094722.64
06 Jan 2026,06 Jan 2026,ATW-4614XXXXXXXX3754-HDFC BANK ATM CASH WITHDRAWAL,,3000.00,,1091722.64
06 Jan 2026,06 Jan 2026,UPI/854442880124/WOW MOMO FOODS/AXIS,,269.74,,1091452.90
06 Jan 2026,06 Jan 2026,UPI/930364403408/ZERODHA BROKING MF SIP/ZERO,,35000.00,,1056452.90
07 Jan 2026,07 Jan 2026,ACH DR NETFLIX ENTERTAINMENT SVC,,810.00,,1055642.90
07 Jan 2026,07 Jan 2026,UPI/697733534170/ZOMATO ONLINE ORDER/YESB,,835.38,,1054807.52
08 Jan 2026,08 Jan 2026,UPI/AUTOPAY/BESCOM ELECTRICITY BILL/BESC,,4405.37,,1050402.15
09 Jan 2026,09 Jan 2026,ACH DR HDFC ERGO HEALTH INSURANCE PREM,,2450.00,,1047952.15
09 Jan 2026,09 Jan 2026,UPI/762915911662/APOLLO PHARMACY/HDFC,,394.54,,1047557.61
10 Jan 2026,10 Jan 2026,NEFT DR-GREENWOOD HIGH SCHOOL-TERM FEE,,46000.00,,1001557.61
10 Jan 2026,10 Jan 2026,UPI/679162469165/BIGBASKET SUPERMKT/ICIC,,3307.53,,998250.08
11 Jan 2026,11 Jan 2026,ACH DR SPOTIFY INDIA PREMIUM,,244.00,,998006.08
11 Jan 2026,11 Jan 2026,POS 5205XXXXXXXX2781 IKEA INDIA PVT LTD,,2657.87,,995348.21
11 Jan 2026,11 Jan 2026,UPI/145039678453/BARBEQUE NATION HOSP/HDFC,,4842.61,,990505.60
11 Jan 2026,11 Jan 2026,UPI/776642828573/LICIOUS MEAT DELIVERY/HDFC,,2115.74,,988389.86
11 Jan 2026,11 Jan 2026,UPI/915033907708/UBER INDIA SYSTEMS/HDFC,,465.18,,987924.68
12 Jan 2026,12 Jan 2026,POS 4462XXXXXXXX3542 CROMA ELECTRONICS APPLE MACBOOK,,164900.00,,823024.68
12 Jan 2026,12 Jan 2026,UPI/707982832627/MAHANAGAR GAS BILL PAY/MGAS,,692.02,,822332.66
14 Jan 2026,14 Jan 2026,IMPS CR-249862572-PERFORMANCE INCENTIVE PAYOUT,,,19662.85,841995.51
14 Jan 2026,14 Jan 2026,POS 4080XXXXXXXX8508 STARBUCKS COFFEE INDIA,,400.40,,841595.11
14 Jan 2026,14 Jan 2026,UPI/AUTOPAY/JIO POSTPAID BILL/RJIO,,737.00,,840858.11
16 Jan 2026,16 Jan 2026,ACH DR ADOBE CREATIVE CLOUD,,2019.00,,838839.11
16 Jan 2026,16 Jan 2026,POS 4139XXXXXXXX8544 MYNTRA DESIGNS PVT LTD,,3874.92,,834964.19
17 Jan 2026,17 Jan 2026,UPI/190455223035/BARBEQUE NATION HOSP/HDFC,,5389.88,,829574.31
17 Jan 2026,17 Jan 2026,UPI/865705913547/LICIOUS MEAT DELIVERY/HDFC,,1052.65,,828521.66
18 Jan 2026,18 Jan 2026,UPI/762541433662/DOMINOS PIZZA IND/ICIC,,1473.30,,827048.36
19 Jan 2026,19 Jan 2026,ACH DR GOOGLE ONE STORAGE,,266.00,,826782.36
20 Jan 2026,20 Jan 2026,UPI/283137407401/UBER INDIA SYSTEMS/HDFC,,429.18,,826353.18
20 Jan 2026,20 Jan 2026,UPI/847155258515/CRED CLUB CREDIT CARD BILL/AXIS,,11867.57,,814485.61
22 Jan 2026,22 Jan 2026,UPI/250890242277/BEHROUZ BIRYANI/PAYTM,,1124.83,,813360.78
22 Jan 2026,22 Jan 2026,UPI/667649842644/NAMMA YATRI/AXIS,,509.06,,812851.72
23 Jan 2026,23 Jan 2026,UPI/113322569180/URBAN COMPANY SALON/HDFC,,2665.76,,810185.96
24 Jan 2026,24 Jan 2026,POS 4304XXXXXXXX2980 DMART AVENUE SUPERMARTS,,5243.84,,804942.12
25 Jan 2026,25 Jan 2026,ATW-4528XXXXXXXX6985-HDFC BANK ATM CASH WITHDRAWAL,,3000.00,,801942.12
25 Jan 2026,25 Jan 2026,POS 5170XXXXXXXX4462 PVR CINEMAS LTD,,1218.81,,800723.31
25 Jan 2026,25 Jan 2026,UPI/503718362602/URBAN COMPANY SALON/HDFC,,2310.76,,798412.55
25 Jan 2026,25 Jan 2026,UPI/699400679622/BARBEQUE NATION HOSP/HDFC,,3338.31,,795074.24
26 Jan 2026,26 Jan 2026,UPI/866816762161/PAYTM FASTAG RECHARGE/PYTM,,1207.62,,793866.62
27 Jan 2026,27 Jan 2026,UPI/664786898163/UBER INDIA SYSTEMS/HDFC,,1009.87,,792856.75
28 Jan 2026,28 Jan 2026,POS 4334XXXXXXXX1543 IKEA INDIA PVT LTD,,7336.33,,785520.42
28 Jan 2026,28 Jan 2026,UPI/268917653116/BLINKIT GROCERY/HDFC,,1408.84,,784111.58
28 Jan 2026,28 Jan 2026,UPI/398212144055/DOMINOS PIZZA IND/ICIC,,1482.23,,782629.35
31 Jan 2026,31 Jan 2026,POS 4735XXXXXXXX7013 DMART AVENUE SUPERMARTS,,4304.33,,778325.02
31 Jan 2026,31 Jan 2026,UPI/550555820906/DOMINOS PIZZA IND/ICIC,,1041.81,,777283.21
01 Feb 2026,01 Feb 2026,NEFT CR-ICIC0000456-NORTHSTAR ANALYTICS LLP-SALARY FEB26,,,333743.10,1111026.31
01 Feb 2026,01 Feb 2026,POS 4445XXXXXXXX1810 AMAZON SELLER SERVICES,,6924.69,,1104101.62
02 Feb 2026,02 Feb 2026,UPI/450776902325/RAPIDO BIKE TAXI/YESB,,127.17,,1103974.45
02 Feb 2026,02 Feb 2026,UPI/620253697507/NOBROKER PAY RENT LANDLORD/HDFC,,52000.00,,1051974.45
03 Feb 2026,03 Feb 2026,POS 4476XXXXXXXX9217 MYNTRA DESIGNS PVT LTD,,7227.58,,1044746.87
04 Feb 2026,04 Feb 2026,ACH DR LITTLE SCHOLARS DAYCARE MONTHLY FEE,,18500.00,,1026246.87
04 Feb 2026,04 Feb 2026,POS 4307XXXXXXXX4900 AMAZON SELLER SERVICES,,765.69,,1025481.18
05 Feb 2026,05 Feb 2026,ACH DR HDFC BANK HOME LOAN EMI FEB26,,38000.00,,987481.18
05 Feb 2026,05 Feb 2026,UPI/AUTOPAY/AIRTEL BROADBAND BILL/AIRT,,1395.00,,986086.18
06 Feb 2026,06 Feb 2026,UPI/292805031474/ZERODHA BROKING MF SIP/ZERO,,35000.00,,951086.18
07 Feb 2026,07 Feb 2026,ACH DR NETFLIX ENTERTAINMENT SVC,,810.00,,950276.18
08 Feb 2026,08 Feb 2026,UPI/581944796827/ZOMATO ONLINE ORDER/YESB,,616.37,,949659.81
08 Feb 2026,08 Feb 2026,UPI/AUTOPAY/BESCOM ELECTRICITY BILL/BESC,,3807.82,,945851.99
09 Feb 2026,09 Feb 2026,ACH DR HDFC ERGO HEALTH INSURANCE PREM,,2450.00,,943401.99
09 Feb 2026,09 Feb 2026,POS 4133XXXXXXXX1334 HPCL PETROL PUMP,,4976.72,,938425.27
09 Feb 2026,09 Feb 2026,POS 4548XXXXXXXX8772 AMAZON SELLER SERVICES,,2052.81,,936372.46
09 Feb 2026,09 Feb 2026,UPI/211212306527/APOLLO PHARMACY/HDFC,,1517.16,,934855.30
09 Feb 2026,09 Feb 2026,UPI/676336707190/SWIGGY FOOD ORDER/HDFC,,328.75,,934526.55
10 Feb 2026,10 Feb 2026,POS 4835XXXXXXXX4951 IRCTC RAIL TICKET BOOKING,,773.27,,933753.28
11 Feb 2026,11 Feb 2026,ACH DR SPOTIFY INDIA PREMIUM,,244.00,,933509.28
11 Feb 2026,11 Feb 2026,POS 5277XXXXXXXX3693 HPCL PETROL PUMP,,2705.46,,930803.82
12 Feb 2026,12 Feb 2026,UPI/860751186207/SWIGGY FOOD ORDER/HDFC,,1043.09,,929760.73
12 Feb 2026,12 Feb 2026,UPI/933117818171/MAHANAGAR GAS BILL PAY/MGAS,,1149.90,,928610.83
13 Feb 2026,13 Feb 2026,UPI/157439806014/WOW MOMO FOODS/AXIS,,273.11,,928337.72
14 Feb 2026,14 Feb 2026,UPI/746966915344/BEHROUZ BIRYANI/PAYTM,,1288.94,,927048.78
14 Feb 2026,14 Feb 2026,UPI/AUTOPAY/JIO POSTPAID BILL/RJIO,,737.00,,926311.78
15 Feb 2026,15 Feb 2026,POS 4695XXXXXXXX6278 MCDONALDS INDIA PVT,,1047.85,,925263.93
16 Feb 2026,16 Feb 2026,ACH DR ADOBE CREATIVE CLOUD,,2019.00,,923244.93
16 Feb 2026,16 Feb 2026,UPI/496853819033/RAPIDO BIKE TAXI/YESB,,254.07,,922990.86
17 Feb 2026,17 Feb 2026,ATW-4793XXXXXXXX8533-HDFC BANK ATM CASH WITHDRAWAL,,5000.00,,917990.86
18 Feb 2026,18 Feb 2026,UPI/285269634897/WOW MOMO FOODS/AXIS,,245.90,,917744.96
19 Feb 2026,19 Feb 2026,ACH DR GOOGLE ONE STORAGE,,266.00,,917478.96
19 Feb 2026,19 Feb 2026,UPI/521180293015/RAPIDO BIKE TAXI/YESB,,314.78,,917164.18
20 Feb 2026,20 Feb 2026,POS 5169XXXXXXXX9019 THIRD WAVE COFFEE,,425.08,,916739.10
21 Feb 2026,21 Feb 2026,UPI/173352040949/OLA CABS ANI TECH/PAYTM,,542.44,,916196.66
21 Feb 2026,21 Feb 2026,UPI/220724408319/DOMINOS PIZZA IND/ICIC,,688.73,,915507.93
22 Feb 2026,22 Feb 2026,UPI/100417701992/RAPIDO BIKE TAXI/YESB,,184.51,,915323.42
22 Feb 2026,22 Feb 2026,UPI/449604088815/COUNTRY DELIGHT MILK/AXIS,,1098.38,,914225.04
22 Feb 2026,22 Feb 2026,UPI/640478494980/SWIGGY FOOD ORDER/HDFC,,553.07,,913671.97
23 Feb 2026,23 Feb 2026,UPI/784674749638/OLA CABS ANI TECH/PAYTM,,512.48,,913159.49
24 Feb 2026,24 Feb 2026,POS 5264XXXXXXXX2110 HPCL PETROL PUMP,,5580.48,,907579.01
24 Feb 2026,24 Feb 2026,UPI/786544629874/CRED CLUB CREDIT CARD BILL/AXIS,,14218.09,,893360.92
26 Feb 2026,26 Feb 2026,POS 5368XXXXXXXX6501 DMART AVENUE SUPERMARTS,,6950.67,,886410.25
26 Feb 2026,26 Feb 2026,POS 5485XXXXXXXX5192 AMAZON SELLER SERVICES,,8118.25,,878292.00
26 Feb 2026,26 Feb 2026,UPI/332623053887/WOW MOMO FOODS/AXIS,,439.28,,877852.72
27 Feb 2026,27 Feb 2026,IMPS DR-855915560-SELF TRANSFER TO SAVINGS AC,,68113.59,,809739.13
27 Feb 2026,27 Feb 2026,UPI/367222693318/APOLLO PHARMACY/HDFC,,2116.53,,807622.60
27 Feb 2026,27 Feb 2026,UPI/973211900070/BEHROUZ BIRYANI/PAYTM,,1547.07,,806075.53
28 Feb 2026,28 Feb 2026,UPI/756637763756/BEHROUZ BIRYANI/PAYTM,,1348.02,,804727.51
01 Mar 2026,01 Mar 2026,NEFT CR-ICIC0000456-NORTHSTAR ANALYTICS LLP-SALARY MAR26,,,334854.42,1139581.93
01 Mar 2026,01 Mar 2026,UPI/572670912889/ZOMATO ONLINE ORDER/YESB,,587.61,,1138994.32
02 Mar 2026,02 Mar 2026,POS 4816XXXXXXXX7128 THIRD WAVE COFFEE,,294.04,,1138700.28
02 Mar 2026,02 Mar 2026,UPI/863480293431/NOBROKER PAY RENT LANDLORD/HDFC,,52000.00,,1086700.28
03 Mar 2026,03 Mar 2026,POS 4502XXXXXXXX1014 MCDONALDS INDIA PVT,,346.32,,1086353.96
04 Mar 2026,04 Mar 2026,ACH DR LITTLE SCHOLARS DAYCARE MONTHLY FEE,,18500.00,,1067853.96
04 Mar 2026,04 Mar 2026,UPI/253587378294/BLINKIT GROCERY/HDFC,,518.24,,1067335.72
04 Mar 2026,04 Mar 2026,UPI/677167420219/ZOMATO ONLINE ORDER/YESB,,379.53,,1066956.19
05 Mar 2026,05 Mar 2026,ACH DR HDFC BANK HOME LOAN EMI MAR26,,38000.00,,1028956.19
05 Mar 2026,05 Mar 2026,UPI/AUTOPAY/AIRTEL BROADBAND BILL/AIRT,,1395.00,,1027561.19
06 Mar 2026,06 Mar 2026,UPI/490303689199/ZERODHA BROKING MF SIP/ZERO,,35000.00,,992561.19
07 Mar 2026,07 Mar 2026,ACH DR NETFLIX ENTERTAINMENT SVC,,810.00,,991751.19
07 Mar 2026,07 Mar 2026,UPI/210012561116/RAPIDO BIKE TAXI/YESB,,121.76,,991629.43
07 Mar 2026,07 Mar 2026,UPI/693211535840/WOW MOMO FOODS/AXIS,,573.49,,991055.94
08 Mar 2026,08 Mar 2026,POS 5171XXXXXXXX5792 MCDONALDS INDIA PVT,,738.20,,990317.74
08 Mar 2026,08 Mar 2026,UPI/383988929863/PAYTM FASTAG RECHARGE/PYTM,,1027.61,,989290.13
08 Mar 2026,08 Mar 2026,UPI/AUTOPAY/BESCOM ELECTRICITY BILL/BESC,,4367.58,,984922.55
09 Mar 2026,09 Mar 2026,ACH DR HDFC ERGO HEALTH INSURANCE PREM,,2450.00,,982472.55
09 Mar 2026,09 Mar 2026,POS 4268XXXXXXXX1917 STARBUCKS COFFEE INDIA,,390.71,,982081.84
11 Mar 2026,11 Mar 2026,ACH DR SPOTIFY INDIA PREMIUM,,244.00,,981837.84
12 Mar 2026,12 Mar 2026,UPI/592622414640/MAHANAGAR GAS BILL PAY/MGAS,,835.39,,981002.45
14 Mar 2026,14 Mar 2026,ATW-4173XXXXXXXX5443-HDFC BANK ATM CASH WITHDRAWAL,,2000.00,,979002.45
14 Mar 2026,14 Mar 2026,UPI/AUTOPAY/JIO POSTPAID BILL/RJIO,,737.00,,978265.45
15 Mar 2026,15 Mar 2026,POS 4595XXXXXXXX1211 MCDONALDS INDIA PVT,,1081.95,,977183.50
15 Mar 2026,15 Mar 2026,UPI/269124351352/BOOKMYSHOW TICKETS/HDFC,,1628.67,,975554.83
15 Mar 2026,15 Mar 2026,UPI/479781927952/ZEPTO NOW/YESB,,431.72,,975123.11
16 Mar 2026,16 Mar 2026,ACH DR ADOBE CREATIVE CLOUD,,2019.00,,973104.11
16 Mar 2026,16 Mar 2026,UPI/699679089746/BARBEQUE NATION HOSP/HDFC,,3402.33,,969701.78
17 Mar 2026,17 Mar 2026,UPI/914438989002/BLINKIT GROCERY/HDFC,,1065.11,,968636.67
17 Mar 2026,17 Mar 2026,UPI/926105071471/WOW MOMO FOODS/AXIS,,544.41,,968092.26
18 Mar 2026,18 Mar 2026,UPI/373046762669/SWIGGY FOOD ORDER/HDFC,,1249.00,,966843.26
18 Mar 2026,18 Mar 2026,UPI/611151000812/SWIGGY FOOD ORDER/HDFC,,1249.00,,965594.26
19 Mar 2026,19 Mar 2026,ACH DR GOOGLE ONE STORAGE,,266.00,,965328.26
19 Mar 2026,19 Mar 2026,POS 5360XXXXXXXX1430 AMAZON SELLER SERVICES,,5715.32,,959612.94
19 Mar 2026,19 Mar 2026,UPI/480243456750/PAYTM FASTAG RECHARGE/PYTM,,1283.95,,958328.99
19 Mar 2026,19 Mar 2026,UPI/559033804995/SWIGGY FOOD ORDER/HDFC,,625.28,,957703.71
19 Mar 2026,19 Mar 2026,UPI/687170047056/ZEPTO NOW/YESB,,490.31,,957213.40
20 Mar 2026,20 Mar 2026,ATW-4833XXXXXXXX7680-HDFC BANK ATM CASH WITHDRAWAL,,3000.00,,954213.40
21 Mar 2026,21 Mar 2026,POS 5139XXXXXXXX5224 PRACTO CONSULT,,1878.45,,952334.95
21 Mar 2026,21 Mar 2026,UPI/245387624011/DOMINOS PIZZA IND/ICIC,,805.93,,951529.02
21 Mar 2026,21 Mar 2026,UPI/321769565100/BIGBASKET SUPERMKT/ICIC,,4516.82,,947012.20
23 Mar 2026,23 Mar 2026,POS 5580XXXXXXXX4187 DECATHLON SPORTS INDIA,,6179.98,,940832.22
23 Mar 2026,23 Mar 2026,UPI/571587174471/CRED CLUB CREDIT CARD BILL/AXIS,,8743.16,,932089.06
24 Mar 2026,24 Mar 2026,POS 4838XXXXXXXX9582 CULT FIT FITNESS,,3329.88,,928759.18
24 Mar 2026,24 Mar 2026,UPI/310406280852/FLIPKART INTERNET/HDFC,,7185.14,,921574.04
24 Mar 2026,24 Mar 2026,UPI/325466740735/SWIGGY FOOD ORDER/HDFC,,401.15,,921172.89
25 Mar 2026,25 Mar 2026,POS 4761XXXXXXXX9811 IRCTC RAIL TICKET BOOKING,,2686.21,,918486.68
26 Mar 2026,26 Mar 2026,UPI/715595366554/BIGBASKET SUPERMKT/ICIC,,1931.00,,916555.68
27 Mar 2026,27 Mar 2026,POS 5455XXXXXXXX6728 HPCL PETROL PUMP,,3520.57,,913035.11
28 Mar 2026,28 Mar 2026,IMPS DR-931222595-SELF TRANSFER TO SAVINGS AC,,54220.58,,858814.53
29 Mar 2026,29 Mar 2026,POS 5179XXXXXXXX7529 THIRD WAVE COFFEE,,633.58,,858180.95
30 Mar 2026,30 Mar 2026,POS 4718XXXXXXXX8695 HPCL PETROL PUMP,,4615.67,,853565.28
30 Mar 2026,30 Mar 2026,UPI/462826714623/ZEPTO NOW/YESB,,1191.20,,852374.08
01 Apr 2026,01 Apr 2026,NEFT CR-ICIC0000456-NORTHSTAR ANALYTICS LLP-SALARY APR26,,,335252.90,1187626.98
01 Apr 2026,01 Apr 2026,UPI/739865255523/NAMMA YATRI/AXIS,,403.45,,1187223.53
01 Apr 2026,01 Apr 2026,UPI/924093635470/WOW MOMO FOODS/AXIS,,395.07,,1186828.46
02 Apr 2026,02 Apr 2026,UPI/814228532863/NOBROKER PAY RENT LANDLORD/HDFC,,52000.00,,1134828.46
03 Apr 2026,03 Apr 2026,POS 4415XXXXXXXX6243 CHAAYOS TEA CAFE,,355.02,,1134473.44
03 Apr 2026,03 Apr 2026,POS 4835XXXXXXXX3764 MYNTRA DESIGNS PVT LTD,,4999.70,,1129473.74
04 Apr 2026,04 Apr 2026,ACH DR LITTLE SCHOLARS DAYCARE MONTHLY FEE,,18500.00,,1110973.74
04 Apr 2026,04 Apr 2026,POS 4552XXXXXXXX2237 CHAAYOS TEA CAFE,,420.52,,1110553.22
04 Apr 2026,04 Apr 2026,POS 5254XXXXXXXX2614 IKEA INDIA PVT LTD,,13199.62,,1097353.60
04 Apr 2026,04 Apr 2026,POS 5293XXXXXXXX5102 IRCTC RAIL TICKET BOOKING,,884.13,,1096469.47
05 Apr 2026,05 Apr 2026,ACH DR HDFC BANK HOME LOAN EMI APR26,,38000.00,,1058469.47
05 Apr 2026,05 Apr 2026,ATW-4293XXXXXXXX5363-HDFC BANK ATM CASH WITHDRAWAL,,3000.00,,1055469.47
05 Apr 2026,05 Apr 2026,POS 4712XXXXXXXX7918 IRCTC RAIL TICKET BOOKING,,1083.51,,1054385.96
05 Apr 2026,05 Apr 2026,UPI/994767120702/ZOMATO ONLINE ORDER/YESB,,1031.66,,1053354.30
05 Apr 2026,05 Apr 2026,UPI/AUTOPAY/AIRTEL BROADBAND BILL/AIRT,,1395.00,,1051959.30
06 Apr 2026,06 Apr 2026,UPI/124254451135/UBER INDIA SYSTEMS/HDFC,,1047.15,,1050912.15
06 Apr 2026,06 Apr 2026,UPI/540242318123/ZERODHA BROKING MF SIP/ZERO,,35000.00,,1015912.15
07 Apr 2026,07 Apr 2026,ACH DR NETFLIX ENTERTAINMENT SVC,,810.00,,1015102.15
07 Apr 2026,07 Apr 2026,POS 4687XXXXXXXX2868 THIRD WAVE COFFEE,,483.84,,1014618.31
08 Apr 2026,08 Apr 2026,POS 4497XXXXXXXX7180 CULT FIT FITNESS,,2650.21,,1011968.10
08 Apr 2026,08 Apr 2026,UPI/AUTOPAY/BESCOM ELECTRICITY BILL/BESC,,2310.39,,1009657.71
09 Apr 2026,09 Apr 2026,ACH DR HDFC ERGO HEALTH INSURANCE PREM,,2450.00,,1007207.71
10 Apr 2026,10 Apr 2026,NEFT DR-GREENWOOD HIGH SCHOOL-TERM FEE,,46000.00,,961207.71
10 Apr 2026,10 Apr 2026,POS 4908XXXXXXXX2309 AMAZON SELLER SERVICES,,3565.25,,957642.46
10 Apr 2026,10 Apr 2026,UPI/385425574271/OLA CABS ANI TECH/PAYTM,,913.07,,956729.39
10 Apr 2026,10 Apr 2026,UPI/772392447020/ZOMATO ONLINE ORDER/YESB,,692.25,,956037.14
11 Apr 2026,11 Apr 2026,ACH DR SPOTIFY INDIA PREMIUM,,244.00,,955793.14
11 Apr 2026,11 Apr 2026,UPI/394274317115/ZEPTO NOW/YESB,,440.60,,955352.54
12 Apr 2026,12 Apr 2026,UPI/636748313896/BARBEQUE NATION HOSP/HDFC,,5706.62,,949645.92
12 Apr 2026,12 Apr 2026,UPI/703988601691/MAHANAGAR GAS BILL PAY/MGAS,,653.76,,948992.16
13 Apr 2026,13 Apr 2026,UPI/846779843910/COUNTRY DELIGHT MILK/AXIS,,645.69,,948346.47
14 Apr 2026,14 Apr 2026,UPI/AUTOPAY/JIO POSTPAID BILL/RJIO,,737.00,,947609.47
15 Apr 2026,15 Apr 2026,POS 5495XXXXXXXX3130 DECATHLON SPORTS INDIA,,7223.60,,940385.87
15 Apr 2026,15 Apr 2026,UPI/349409276837/UBER INDIA SYSTEMS/HDFC,,728.72,,939657.15
16 Apr 2026,16 Apr 2026,ACH DR ADOBE CREATIVE CLOUD,,2019.00,,937638.15
18 Apr 2026,18 Apr 2026,POS 4833XXXXXXXX7749 STEAM GAMES VALVE CORP,,1598.71,,936039.44
19 Apr 2026,19 Apr 2026,ACH DR GOOGLE ONE STORAGE,,266.00,,935773.44
19 Apr 2026,19 Apr 2026,POS 4993XXXXXXXX2838 CHAAYOS TEA CAFE,,360.34,,935413.10
21 Apr 2026,21 Apr 2026,IMPS CR-586409511-PERFORMANCE INCENTIVE PAYOUT,,,18280.85,953693.95
21 Apr 2026,21 Apr 2026,POS 5269XXXXXXXX1198 IRCTC RAIL TICKET BOOKING,,1083.29,,952610.66
25 Apr 2026,25 Apr 2026,UPI/373800593029/RAPIDO BIKE TAXI/YESB,,289.80,,952320.86
25 Apr 2026,25 Apr 2026,UPI/840034706297/BLINKIT GROCERY/HDFC,,2165.84,,950155.02
25 Apr 2026,25 Apr 2026,UPI/998671899235/BARBEQUE NATION HOSP/HDFC,,5453.01,,944702.01
26 Apr 2026,26 Apr 2026,POS 4109XXXXXXXX4861 PVR CINEMAS LTD,,1351.47,,943350.54
26 Apr 2026,26 Apr 2026,UPI/447896825367/OLA CABS ANI TECH/PAYTM,,800.80,,942549.74
27 Apr 2026,27 Apr 2026,UPI/342690271533/RAPIDO BIKE TAXI/YESB,,330.61,,942219.13
27 Apr 2026,27 Apr 2026,UPI/458875890663/PHARMEASY ONLINE/ICIC,,918.17,,941300.96
30 Apr 2026,30 Apr 2026,POS 4774XXXXXXXX6841 LAKME SALON,,3007.10,,938293.86
30 Apr 2026,30 Apr 2026,UPI/250734922493/OLA CABS ANI TECH/PAYTM,,638.87,,937654.99
30 Apr 2026,30 Apr 2026,UPI/509562047462/DOMINOS PIZZA IND/ICIC,,1017.97,,936637.02
30 Apr 2026,30 Apr 2026,UPI/659050337642/BLINKIT GROCERY/HDFC,,1972.05,,934664.97
01 May 2026,01 May 2026,NEFT CR-ICIC0000456-NORTHSTAR ANALYTICS LLP-SALARY MAY26,,,335591.50,1270256.47
01 May 2026,01 May 2026,UPI/853136375784/NAMMA YATRI/AXIS,,300.74,,1269955.73
02 May 2026,02 May 2026,UPI/486802590949/NOBROKER PAY RENT LANDLORD/HDFC,,52000.00,,1217955.73
02 May 2026,02 May 2026,UPI/858717901149/LICIOUS MEAT DELIVERY/HDFC,,1278.37,,1216677.36
03 May 2026,03 May 2026,UPI/491737688268/RAPIDO BIKE TAXI/YESB,,291.14,,1216386.22
04 May 2026,04 May 2026,ACH DR LITTLE SCHOLARS DAYCARE MONTHLY FEE,,18500.00,,1197886.22
04 May 2026,04 May 2026,POS 4391XXXXXXXX5830 CULT FIT FITNESS,,2713.06,,1195173.16
05 May 2026,05 May 2026,ACH DR HDFC BANK HOME LOAN EMI MAY26,,38000.00,,1157173.16
05 May 2026,05 May 2026,UPI/AUTOPAY/AIRTEL BROADBAND BILL/AIRT,,1395.00,,1155778.16
06 May 2026,06 May 2026,ATW-5561XXXXXXXX7928-HDFC BANK ATM CASH WITHDRAWAL,,3000.00,,1152778.16
06 May 2026,06 May 2026,POS 5270XXXXXXXX4573 IRCTC RAIL TICKET BOOKING,,3396.94,,1149381.22
06 May 2026,06 May 2026,UPI/292894651751/ZERODHA BROKING MF SIP/ZERO,,35000.00,,1114381.22
06 May 2026,06 May 2026,UPI/525405509363/BARBEQUE NATION HOSP/HDFC,,3684.33,,1110696.89
06 May 2026,06 May 2026,UPI/540558482973/URBAN COMPANY SALON/HDFC,,2872.54,,1107824.35
07 May 2026,07 May 2026,ACH DR NETFLIX ENTERTAINMENT SVC,,810.00,,1107014.35
08 May 2026,08 May 2026,UPI/676862522348/PHARMEASY ONLINE/ICIC,,501.30,,1106513.05
08 May 2026,08 May 2026,UPI/AUTOPAY/BESCOM ELECTRICITY BILL/BESC,,3143.74,,1103369.31
09 May 2026,09 May 2026,ACH DR HDFC ERGO HEALTH INSURANCE PREM,,2450.00,,1100919.31
09 May 2026,09 May 2026,UPI/924728477361/WOW MOMO FOODS/AXIS,,847.50,,1100071.81
10 May 2026,10 May 2026,UPI/139169507290/LICIOUS MEAT DELIVERY/HDFC,,1761.73,,1098310.08
11 May 2026,11 May 2026,ACH DR SPOTIFY INDIA PREMIUM,,244.00,,1098066.08
12 May 2026,12 May 2026,UPI/676285746089/MAHANAGAR GAS BILL PAY/MGAS,,850.12,,1097215.96
13 May 2026,13 May 2026,ATW-4449XXXXXXXX1032-HDFC BANK ATM CASH WITHDRAWAL,,3000.00,,1094215.96
13 May 2026,13 May 2026,UPI/177021914369/BARBEQUE NATION HOSP/HDFC,,4086.39,,1090129.57
13 May 2026,13 May 2026,UPI/663040905081/UBER INDIA SYSTEMS/HDFC,,297.62,,1089831.95
14 May 2026,14 May 2026,UPI/671673448990/PAYTM FASTAG RECHARGE/PYTM,,1055.21,,1088776.74
14 May 2026,14 May 2026,UPI/AUTOPAY/JIO POSTPAID BILL/RJIO,,737.00,,1088039.74
15 May 2026,15 May 2026,UPI/351965346243/SWIGGY FOOD ORDER/HDFC,,810.17,,1087229.57
16 May 2026,16 May 2026,ACH DR ADOBE CREATIVE CLOUD,,2019.00,,1085210.57
16 May 2026,16 May 2026,POS 5420XXXXXXXX4989 STARBUCKS COFFEE INDIA,,1045.64,,1084164.93
18 May 2026,18 May 2026,POS 4161XXXXXXXX9385 CHAAYOS TEA CAFE,,215.27,,1083949.66
18 May 2026,18 May 2026,UPI/334852145739/PAYTM FASTAG RECHARGE/PYTM,,704.24,,1083245.42
19 May 2026,19 May 2026,ACH DR GOOGLE ONE STORAGE,,266.00,,1082979.42
19 May 2026,19 May 2026,POS 4433XXXXXXXX4410 DECATHLON SPORTS INDIA,,8000.01,,1074979.41
20 May 2026,20 May 2026,POS 5253XXXXXXXX9112 IRCTC RAIL TICKET BOOKING,,3014.52,,1071964.89
20 May 2026,20 May 2026,UPI/339713181226/LICIOUS MEAT DELIVERY/HDFC,,882.26,,1071082.63
21 May 2026,21 May 2026,UPI/128044407647/BEHROUZ BIRYANI/PAYTM,,585.15,,1070497.48
23 May 2026,23 May 2026,POS 5180XXXXXXXX9287 MYNTRA DESIGNS PVT LTD,,7895.69,,1062601.79
24 May 2026,24 May 2026,POS 5169XXXXXXXX4495 CHAAYOS TEA CAFE,,564.51,,1062037.28
24 May 2026,24 May 2026,UPI/104105765473/CRED CLUB CREDIT CARD BILL/AXIS,,9900.17,,1052137.11
24 May 2026,24 May 2026,UPI/911346130678/PAYTM FASTAG RECHARGE/PYTM,,1163.57,,1050973.54
25 May 2026,25 May 2026,UPI/792568882958/NAMMA YATRI/AXIS,,201.88,,1050771.66
26 May 2026,26 May 2026,UPI/319646086622/WOW MOMO FOODS/AXIS,,712.14,,1050059.52
27 May 2026,27 May 2026,UPI/131429791352/FLIPKART INTERNET/HDFC,,1147.84,,1048911.68
27 May 2026,27 May 2026,UPI/615600717627/WOW MOMO FOODS/AXIS,,542.84,,1048368.84
30 May 2026,30 May 2026,UPI/565271349576/NAMMA YATRI/AXIS,,437.91,,1047930.93
31 May 2026,31 May 2026,POS 4155XXXXXXXX9787 HPCL PETROL PUMP,,3413.70,,1044517.23
01 Jun 2026,01 Jun 2026,NEFT CR-ICIC0000456-NORTHSTAR ANALYTICS LLP-SALARY JUN26,,,335952.10,1380469.33
01 Jun 2026,01 Jun 2026,POS 4612XXXXXXXX5760 HPCL PETROL PUMP,,2149.11,,1378320.22
01 Jun 2026,01 Jun 2026,POS 4871XXXXXXXX1140 AMAZON SELLER SERVICES,,6779.64,,1371540.58
02 Jun 2026,02 Jun 2026,UPI/828923670574/NOBROKER PAY RENT LANDLORD/HDFC,,52000.00,,1319540.58
03 Jun 2026,03 Jun 2026,UPI/260836363167/ZEPTO NOW/YESB,,356.04,,1319184.54
04 Jun 2026,04 Jun 2026,ACH DR LITTLE SCHOLARS DAYCARE MONTHLY FEE,,18500.00,,1300684.54
04 Jun 2026,04 Jun 2026,UPI/412668511141/BEHROUZ BIRYANI/PAYTM,,725.35,,1299959.19
04 Jun 2026,04 Jun 2026,UPI/820030748432/RAPIDO BIKE TAXI/YESB,,290.88,,1299668.31
05 Jun 2026,05 Jun 2026,ACH DR HDFC BANK HOME LOAN EMI JUN26,,38000.00,,1261668.31
05 Jun 2026,05 Jun 2026,UPI/110179796622/BARBEQUE NATION HOSP/HDFC,,4793.57,,1256874.74
05 Jun 2026,05 Jun 2026,UPI/AUTOPAY/AIRTEL BROADBAND BILL/AIRT,,1395.00,,1255479.74
06 Jun 2026,06 Jun 2026,POS 4959XXXXXXXX1632 MCDONALDS INDIA PVT,,579.88,,1254899.86
06 Jun 2026,06 Jun 2026,POS 5249XXXXXXXX9096 DECATHLON SPORTS INDIA,,3273.17,,1251626.69
06 Jun 2026,06 Jun 2026,UPI/514425230973/ZERODHA BROKING MF SIP/ZERO,,35000.00,,1216626.69
07 Jun 2026,07 Jun 2026,ACH DR NETFLIX ENTERTAINMENT SVC,,810.00,,1215816.69
07 Jun 2026,07 Jun 2026,POS 5319XXXXXXXX9829 DMART AVENUE SUPERMARTS,,4369.44,,1211447.25
08 Jun 2026,08 Jun 2026,ATW-4674XXXXXXXX7472-HDFC BANK ATM CASH WITHDRAWAL,,5000.00,,1206447.25
08 Jun 2026,08 Jun 2026,UPI/128719949277/NAMMA YATRI/AXIS,,185.38,,1206261.87
08 Jun 2026,08 Jun 2026,UPI/843433631376/FLIPKART INTERNET/HDFC,,10260.09,,1196001.78
08 Jun 2026,08 Jun 2026,UPI/AUTOPAY/BESCOM ELECTRICITY BILL/BESC,,4192.55,,1191809.23
09 Jun 2026,09 Jun 2026,ACH DR HDFC ERGO HEALTH INSURANCE PREM,,2450.00,,1189359.23
09 Jun 2026,09 Jun 2026,UPI/208271714621/BIGBASKET SUPERMKT/ICIC,,4849.01,,1184510.22
11 Jun 2026,11 Jun 2026,ACH DR SPOTIFY INDIA PREMIUM,,244.00,,1184266.22
11 Jun 2026,11 Jun 2026,UPI/569703143032/OLA CABS ANI TECH/PAYTM,,860.59,,1183405.63
12 Jun 2026,12 Jun 2026,UPI/473800215801/PAYTM FASTAG RECHARGE/PYTM,,759.17,,1182646.46
12 Jun 2026,12 Jun 2026,UPI/862324952750/MAHANAGAR GAS BILL PAY/MGAS,,958.23,,1181688.23
13 Jun 2026,13 Jun 2026,UPI/318199633946/ZEPTO NOW/YESB,,642.89,,1181045.34
14 Jun 2026,14 Jun 2026,POS 4019XXXXXXXX8567 MCDONALDS INDIA PVT,,686.06,,1180359.28
14 Jun 2026,14 Jun 2026,POS 4420XXXXXXXX4337 MAKEMYTRIP FLIGHT BOOKING BLR-GOI,,38400.00,,1141959.28
14 Jun 2026,14 Jun 2026,UPI/AUTOPAY/JIO POSTPAID BILL/RJIO,,737.00,,1141222.28
15 Jun 2026,15 Jun 2026,POS 4249XXXXXXXX3308 TAJ RESORTS HOTEL BOOKING,,46800.00,,1094422.28
16 Jun 2026,16 Jun 2026,ACH DR ADOBE CREATIVE CLOUD,,2019.00,,1092403.28
16 Jun 2026,16 Jun 2026,POS 4057XXXXXXXX6506 AMAZON SELLER SERVICES,,10051.60,,1082351.68
17 Jun 2026,17 Jun 2026,UPI/234264929877/URBAN COMPANY SALON/HDFC,,1750.63,,1080601.05
18 Jun 2026,18 Jun 2026,POS 5549XXXXXXXX1859 STARBUCKS COFFEE INDIA,,525.71,,1080075.34
18 Jun 2026,18 Jun 2026,UPI/954555062593/ZEPTO NOW/YESB,,859.06,,1079216.28
19 Jun 2026,19 Jun 2026,ACH DR GOOGLE ONE STORAGE,,266.00,,1078950.28
20 Jun 2026,20 Jun 2026,POS 4887XXXXXXXX4201 DECATHLON SPORTS INDIA,,5885.92,,1073064.36
20 Jun 2026,20 Jun 2026,UPI/547282271834/ZOMATO ONLINE ORDER/YESB,,1513.24,,1071551.12
21 Jun 2026,21 Jun 2026,UPI/194492488652/APOLLO PHARMACY/HDFC,,2081.11,,1069470.01
22 Jun 2026,22 Jun 2026,UPI/447866098102/NAMMA YATRI/AXIS,,339.51,,1069130.50
23 Jun 2026,23 Jun 2026,UPI/264635278696/RAPIDO BIKE TAXI/YESB,,143.74,,1068986.76
24 Jun 2026,24 Jun 2026,UPI/488790628150/BIGBASKET SUPERMKT/ICIC,,3198.16,,1065788.60
24 Jun 2026,24 Jun 2026,UPI/492814944712/WOW MOMO FOODS/AXIS,,427.43,,1065361.17
25 Jun 2026,25 Jun 2026,POS 4869XXXXXXXX7568 IRCTC RAIL TICKET BOOKING,,1009.56,,1064351.61
25 Jun 2026,25 Jun 2026,UPI/638561835369/AMAZON SELLER SERV REFUND/HDFC,,,1702.46,1066054.07
26 Jun 2026,26 Jun 2026,IMPS DR-624845159-SELF TRANSFER TO SAVINGS AC,,66251.04,,999803.03
26 Jun 2026,26 Jun 2026,POS 5345XXXXXXXX1607 PRACTO CONSULT,,1094.27,,998708.76
26 Jun 2026,26 Jun 2026,UPI/555553852200/BEHROUZ BIRYANI/PAYTM,,704.43,,998004.33
26 Jun 2026,26 Jun 2026,UPI/562129112617/COUNTRY DELIGHT MILK/AXIS,,1108.76,,996895.57
27 Jun 2026,27 Jun 2026,POS 4996XXXXXXXX6833 AMAZON SELLER SERVICES,,1803.36,,995092.21
27 Jun 2026,27 Jun 2026,UPI/613222293568/WOW MOMO FOODS/AXIS,,875.07,,994217.14
27 Jun 2026,27 Jun 2026,UPI/655021666874/ZEPTO NOW/YESB,,1533.56,,992683.58
28 Jun 2026,28 Jun 2026,POS 4840XXXXXXXX1589 STARBUCKS COFFEE INDIA,,514.86,,992168.72
30 Jun 2026,30 Jun 2026,UPI/413217801539/BARBEQUE NATION HOSP/HDFC,,3986.21,,988182.51
01 Jul 2026,01 Jul 2026,NEFT CR-ICIC0000456-NORTHSTAR ANALYTICS LLP-SALARY JUL26,,,335370.63,1323553.14
02 Jul 2026,02 Jul 2026,UPI/548897219105/NOBROKER PAY RENT LANDLORD/HDFC,,52000.00,,1271553.14
02 Jul 2026,02 Jul 2026,UPI/568806959456/COUNTRY DELIGHT MILK/AXIS,,1044.66,,1270508.48
03 Jul 2026,03 Jul 2026,UPI/491827607106/RAPIDO BIKE TAXI/YESB,,122.12,,1270386.36
04 Jul 2026,04 Jul 2026,ACH DR LITTLE SCHOLARS DAYCARE MONTHLY FEE,,18500.00,,1251886.36
04 Jul 2026,04 Jul 2026,POS 5445XXXXXXXX6972 IRCTC RAIL TICKET BOOKING,,2932.59,,1248953.77
04 Jul 2026,04 Jul 2026,UPI/890908968333/ZOMATO ONLINE ORDER/YESB,,770.87,,1248182.90
05 Jul 2026,05 Jul 2026,ACH DR HDFC BANK HOME LOAN EMI JUL26,,38000.00,,1210182.90
05 Jul 2026,05 Jul 2026,POS 4794XXXXXXXX8989 PVR CINEMAS LTD,,716.86,,1209466.04
05 Jul 2026,05 Jul 2026,POS 5003XXXXXXXX4087 HPCL PETROL PUMP,,3097.54,,1206368.50
05 Jul 2026,05 Jul 2026,UPI/219877408550/BLINKIT GROCERY/HDFC,,807.58,,1205560.92
05 Jul 2026,05 Jul 2026,UPI/AUTOPAY/AIRTEL BROADBAND BILL/AIRT,,1395.00,,1204165.92
06 Jul 2026,06 Jul 2026,UPI/455951790298/ZERODHA BROKING MF SIP/ZERO,,35000.00,,1169165.92
07 Jul 2026,07 Jul 2026,ACH DR NETFLIX ENTERTAINMENT SVC,,810.00,,1168355.92
08 Jul 2026,08 Jul 2026,UPI/AUTOPAY/BESCOM ELECTRICITY BILL/BESC,,2472.00,,1165883.92
09 Jul 2026,09 Jul 2026,ACH DR HDFC ERGO HEALTH INSURANCE PREM,,2450.00,,1163433.92
09 Jul 2026,09 Jul 2026,POS 4078XXXXXXXX5896 IKEA INDIA PVT LTD,,13621.22,,1149812.70
09 Jul 2026,09 Jul 2026,UPI/313679891511/WOW MOMO FOODS/AXIS,,630.86,,1149181.84
09 Jul 2026,09 Jul 2026,UPI/949924742459/PAYTM FASTAG RECHARGE/PYTM,,741.30,,1148440.54
10 Jul 2026,10 Jul 2026,ATW-4537XXXXXXXX9079-HDFC BANK ATM CASH WITHDRAWAL,,5000.00,,1143440.54
10 Jul 2026,10 Jul 2026,NEFT DR-GREENWOOD HIGH SCHOOL-TERM FEE,,46000.00,,1097440.54
10 Jul 2026,10 Jul 2026,POS 4270XXXXXXXX2622 HPCL PETROL PUMP,,2311.04,,1095129.50
10 Jul 2026,10 Jul 2026,UPI/343633154373/DOMINOS PIZZA IND/ICIC,,1050.93,,1094078.57
11 Jul 2026,11 Jul 2026,ACH DR SPOTIFY INDIA PREMIUM,,244.00,,1093834.57
11 Jul 2026,11 Jul 2026,UPI/203370557884/BIGBASKET SUPERMKT/ICIC,,3691.77,,1090142.80
11 Jul 2026,11 Jul 2026,UPI/408565914743/WOW MOMO FOODS/AXIS,,661.47,,1089481.33
12 Jul 2026,12 Jul 2026,POS 4401XXXXXXXX5262 THIRD WAVE COFFEE,,761.79,,1088719.54
12 Jul 2026,12 Jul 2026,POS 5055XXXXXXXX7293 IRCTC RAIL TICKET BOOKING,,781.53,,1087938.01
12 Jul 2026,12 Jul 2026,UPI/242787251379/BLINKIT GROCERY/HDFC,,1685.56,,1086252.45
12 Jul 2026,12 Jul 2026,UPI/594342559126/MAHANAGAR GAS BILL PAY/MGAS,,1019.42,,1085233.03
14 Jul 2026,14 Jul 2026,UPI/AUTOPAY/JIO POSTPAID BILL/RJIO,,737.00,,1084496.03
16 Jul 2026,16 Jul 2026,ACH DR ADOBE CREATIVE CLOUD,,2019.00,,1082477.03
16 Jul 2026,16 Jul 2026,UPI/491303330262/BEHROUZ BIRYANI/PAYTM,,826.11,,1081650.92
16 Jul 2026,16 Jul 2026,UPI/701639737264/NAMMA YATRI/AXIS,,206.63,,1081444.29
18 Jul 2026,18 Jul 2026,UPI/892227217783/SWIGGY FOOD ORDER/HDFC,,908.45,,1080535.84
19 Jul 2026,19 Jul 2026,ACH DR GOOGLE ONE STORAGE,,266.00,,1080269.84
19 Jul 2026,19 Jul 2026,POS 4433XXXXXXXX7417 DMART AVENUE SUPERMARTS,,6214.00,,1074055.84
19 Jul 2026,19 Jul 2026,POS 5149XXXXXXXX6964 THIRD WAVE COFFEE,,488.26,,1073567.58
19 Jul 2026,19 Jul 2026,UPI/777577840225/CRED CLUB CREDIT CARD BILL/AXIS,,14546.15,,1059021.43
20 Jul 2026,20 Jul 2026,UPI/207883346766/BARBEQUE NATION HOSP/HDFC,,4223.64,,1054797.79
20 Jul 2026,20 Jul 2026,UPI/701567120436/NYKAA ECOMM/ICIC,,3429.56,,1051368.23
21 Jul 2026,21 Jul 2026,POS 5174XXXXXXXX7452 DMART AVENUE SUPERMARTS,,5147.79,,1046220.44
21 Jul 2026,21 Jul 2026,UPI/725433968267/PAYTM FASTAG RECHARGE/PYTM,,765.48,,1045454.96
22 Jul 2026,22 Jul 2026,IMPS CR-135591285-PERFORMANCE INCENTIVE PAYOUT,,,40505.57,1085960.53
24 Jul 2026,24 Jul 2026,POS 4447XXXXXXXX6572 MCDONALDS INDIA PVT,,508.51,,1085452.02
24 Jul 2026,24 Jul 2026,POS 4472XXXXXXXX8901 HPCL PETROL PUMP,,5605.14,,1079846.88
25 Jul 2026,25 Jul 2026,POS 4167XXXXXXXX4082 MCDONALDS INDIA PVT,,944.40,,1078902.48
25 Jul 2026,25 Jul 2026,UPI/959728978783/ZEPTO NOW/YESB,,1662.99,,1077239.49
29 Jul 2026,29 Jul 2026,POS 5274XXXXXXXX7934 CHAAYOS TEA CAFE,,421.32,,1076818.17
30 Jul 2026,30 Jul 2026,POS 4638XXXXXXXX8337 HPCL PETROL PUMP,,3429.30,,1073388.87
31 Jul 2026,31 Jul 2026,UPI/721112785902/COUNTRY DELIGHT MILK/AXIS,,896.97,,1072491.90
01 Aug 2026,01 Aug 2026,NEFT CR-ICIC0000456-NORTHSTAR ANALYTICS LLP-SALARY AUG26,,,333678.00,1406169.90
01 Aug 2026,01 Aug 2026,POS 5127XXXXXXXX4037 CHAAYOS TEA CAFE,,301.20,,1405868.70
02 Aug 2026,02 Aug 2026,UPI/161872256662/DOMINOS PIZZA IND/ICIC,,1160.22,,1404708.48
02 Aug 2026,02 Aug 2026,UPI/525750139224/NOBROKER PAY RENT LANDLORD/HDFC,,52000.00,,1352708.48
02 Aug 2026,02 Aug 2026,UPI/580765588912/UBER INDIA SYSTEMS/HDFC,,435.27,,1352273.21
